Название,IMO,MMSI,Тип,Ссылка,Ошибка
,,,,https://www.vesselfinder.com/ru/vessels?name=1 WOOYANGHO,статус код: 400
,,,,https://www.vesselfinder.com/ru/vessels?name=101 SU SUNG HO,статус код: 400
,,,,https://www.vesselfinder.com/ru/vessels?name=109 CHUNG RYONG,статус код: 400
,,,,https://www.vesselfinder.com/ru/vessels?name=11 DAE YOUNG HO,статус код: 400
,,,,https://www.vesselfinder.com/ru/vessels?name=15 YOUNG SIN,статус код: 400
,,,,https://www.vesselfinder.com/ru/vessels?name=205HYUNDAE,суда не найдены
,,,,https://www.vesselfinder.com/ru/vessels?name=20CHEONG U,статус код: 400
,,,,https://www.vesselfinder.com/ru/vessels?name=3 DONG MYUNGHO,статус код: 400
,,,,https://www.vesselfinder.com/ru/vessels?name=384 BI RYONG HO,статус код: 400
,,,,https://www.vesselfinder.com/ru/vessels?name=5 HAN YU HO,статус код: 400
,,,,https://www.vesselfinder.com/ru/vessels?name=7 WOO RI HO,статус код: 400
,,,,https://www.vesselfinder.com/ru/vessels?name=77 CHUNG HAE,статус код: 400
,,,,https://www.vesselfinder.com/ru/vessels?name=7BOKWANG,"не все данные найдены: name='7BOKWANG', imo='', mmsi='', type='Tanker'"
,,,,https://www.vesselfinder.com/ru/vessels?name=7SE YUN,статус код: 400
,,,,https://www.vesselfinder.com/ru/vessels?name=A,статус код: 400
,,,,https://www.vesselfinder.com/ru/vessels?name=A HOUOU,статус код: 400
,,,,https://www.vesselfinder.com/ru/vessels?name=A ONE,статус код: 400
,,,,https://www.vesselfinder.com/ru/vessels?name=A WISDOM,статус код: 400
,,,,https://www.vesselfinder.com/ru/vessels?name=AC SESODA,статус код: 400
,,,,https://www.vesselfinder.com/ru/vessels?name=AC SHANGHAI,статус код: 400
,,,,https://www.vesselfinder.com/ru/vessels?name=ACACIA VIRGO,статус код: 400
,,,,https://www.vesselfinder.com/ru/vessels?name=ACRUX AMELIA,статус код: 400
,,,,https://www.vesselfinder.com/ru/vessels?name=ADAMAS I,статус код: 400
ADEL.S,9155937,677047600,Cargo ship,https://www.vesselfinder.com/ru/vessels?name=ADEL.S,
ADIMI,8818764,671196100,Cargo ship,https://www.vesselfinder.com/ru/vessels?name=ADIMI,
,,,,https://www.vesselfinder.com/ru/vessels?name=AEOLIAN VICTORY,статус код: 400
,,,,https://www.vesselfinder.com/ru/vessels?name=AFRA ROSSI,статус код: 400
,,,,https://www.vesselfinder.com/ru/vessels?name=AFRICA,"не все данные найдены: name='AFRICA', imo='', mmsi='', type='Unknown'"
,,,,https://www.vesselfinder.com/ru/vessels?name=AFRICA STAR,статус код: 400
,,,,https://www.vesselfinder.com/ru/vessels?name=AFRICAN BARI BIRD,статус код: 400
AGAT,8805949,261001250,Unknown,https://www.vesselfinder.com/ru/vessels?name=AGAT,
,,,,https://www.vesselfinder.com/ru/vessels?name=AH PENG,статус код: 400
,,,,https://www.vesselfinder.com/ru/vessels?name=AHOY PORTUNUS,статус код: 400
,,,,https://www.vesselfinder.com/ru/vessels?name=AKADEMIK FERSMAN,статус код: 400
,,,,https://www.vesselfinder.com/ru/vessels?name=AKMAL,"не все данные найдены: name='AKMAL', imo='', mmsi='', type=''"
,,,,https://www.vesselfinder.com/ru/vessels?name=AKTEON,"не все данные найдены: name='AKTEON', imo='', mmsi='', type=''"
,,,,https://www.vesselfinder.com/ru/vessels?name=AL RAAD AL SAUDI,статус код: 400
,,,,https://www.vesselfinder.com/ru/vessels?name=ALAMEDA,"не все данные найдены: name='ALAMEDA', imo='', mmsi='', type='Sailing vessel'"
ALASKA,9302607,538008784,Tanker,https://www.vesselfinder.com/ru/vessels?name=ALASKA,
,,,,https://www.vesselfinder.com/ru/vessels?name=ALCOR,"не все данные найдены: name='ALCOR', imo='', mmsi='', type=''"
ALEKS.SOLZHENITSYN,9761140,273381830,Tug,https://www.vesselfinder.com/ru/vessels?name=ALEKS.SOLZHENITSYN,
,,,,https://www.vesselfinder.com/ru/vessels?name=ALEKSANDR GLUKHOV,статус код: 400
,,,,https://www.vesselfinder.com/ru/vessels?name=ALEKSANDR KOZITSYN,статус код: 400
,,,,https://www.vesselfinder.com/ru/vessels?name=ALEKSANDR SHALIN,статус код: 400
,,,,https://www.vesselfinder.com/ru/vessels?name=ALESSANDRA M,статус код: 400
,,,,https://www.vesselfinder.com/ru/vessels?name=ALIOT,"не все данные найдены: name='ALIOT', imo='', mmsi='', type=''"
,,,,https://www.vesselfinder.com/ru/vessels?name=ALK,"не все данные найдены: name='ALK', imo='', mmsi='', type='Pleasure craft'"
,,,,https://www.vesselfinder.com/ru/vessels?name=ALNIC MC,статус код: 400
ALPS,9286451,314001010,Tanker,https://www.vesselfinder.com/ru/vessels?name=ALPS,
ALQADISIA,9343352,538011949,Tanker,https://www.vesselfinder.com/ru/vessels?name=ALQADISIA,
,,,,https://www.vesselfinder.com/ru/vessels?name=ALTYN,"не все данные найдены: name='ALTYN', imo='', mmsi='', type=''"
,,,,https://www.vesselfinder.com/ru/vessels?name=AMANDUS,"не все данные найдены: name='AMANDUS', imo='', mmsi='', type='Fishing vessel'"
AMBELOS,9801524,311000695,Tanker,https://www.vesselfinder.com/ru/vessels?name=AMBELOS,
,,,,https://www.vesselfinder.com/ru/vessels?name=AMBER BALTIC,статус код: 400
,,,,https://www.vesselfinder.com/ru/vessels?name=AMBON 1,статус код: 400
,,,,https://www.vesselfinder.com/ru/vessels?name=AMBON 2,статус код: 400
AMETIST,9076210,273550500,Fishing vessel,https://www.vesselfinder.com/ru/vessels?name=AMETIST,
,,,,https://www.vesselfinder.com/ru/vessels?name=AMNSI STALLION,статус код: 400
,,,,https://www.vesselfinder.com/ru/vessels?name=AMOY PROGRESS,статус код: 400
,,,,https://www.vesselfinder.com/ru/vessels?name=AMPHITRITE,"не все данные найдены: name='AMPHITRITE', imo='', mmsi='', type='Sailing vessel'"
,,,,https://www.vesselfinder.com/ru/vessels?name=AN CHANG,статус код: 400
,,,,https://www.vesselfinder.com/ru/vessels?name=AN QIANG 66,статус код: 400
,,,,https://www.vesselfinder.com/ru/vessels?name=AN XING HAI,статус код: 400
ANARITA,9636008,636015345,Cargo ship,https://www.vesselfinder.com/ru/vessels?name=ANARITA,
,,,,https://www.vesselfinder.com/ru/vessels?name=ANATOLIY KLIMOV,статус код: 400
,,,,https://www.vesselfinder.com/ru/vessels?name=ANATOLIY SUKHOV,статус код: 400
,,,,https://www.vesselfinder.com/ru/vessels?name=ANATOLY IVANOV,статус код: 400
,,,,https://www.vesselfinder.com/ru/vessels?name=ANATOLY KOLODKIN,статус код: 400
,,,,https://www.vesselfinder.com/ru/vessels?name=ANCE,"не все данные найдены: name='ANCELIA', imo='', mmsi='', type='Sailing vessel'"
ANELLY,9547221,477995338,Tanker,https://www.vesselfinder.com/ru/vessels?name=ANELLY,
,,,,https://www.vesselfinder.com/ru/vessels?name=ANFAT,суда не найдены
,,,,https://www.vesselfinder.com/ru/vessels?name=ANGARA,"не все данные найдены: name='ANGARA', imo='', mmsi='', type=''"
,,,,https://www.vesselfinder.com/ru/vessels?name=ANGGERIK,"не все данные найдены: name='INAI ANGGERIK', imo='', mmsi='', type=''"
ANIK,8714528,273291570,Fishing vessel,https://www.vesselfinder.com/ru/vessels?name=ANIK,
,,,,https://www.vesselfinder.com/ru/vessels?name=ANNA BARBARA,статус код: 400
,,,,https://www.vesselfinder.com/ru/vessels?name=ANNA META,статус код: 400
,,,,https://www.vesselfinder.com/ru/vessels?name=ANTIO,"не все данные найдены: name='ANTIO', imo='', mmsi='', type='Cargo ship'"
,,,,https://www.vesselfinder.com/ru/vessels?name=ANTON GURIN,статус код: 400
,,,,https://www.vesselfinder.com/ru/vessels?name=AQUA IBERIA,статус код: 400
,,,,https://www.vesselfinder.com/ru/vessels?name=AQUA LIGERA,статус код: 400
,,,,https://www.vesselfinder.com/ru/vessels?name=AQUAHOLIC,"не все данные найдены: name='AQUAHOLIC', imo='', mmsi='', type='Pleasure craft'"
AQUALIBERTY,9592226,636015174,Tanker,https://www.vesselfinder.com/ru/vessels?name=AQUALIBERTY,
,,,,https://www.vesselfinder.com/ru/vessels?name=AQUANAVIGATOR,суда не найдены
,,,,https://www.vesselfinder.com/ru/vessels?name=AQUARIUS HONOR,статус код: 400
,,,,https://www.vesselfinder.com/ru/vessels?name=ARA HO,статус код: 400
,,,,https://www.vesselfinder.com/ru/vessels?name=ARCH.MICHAEL,суда не найдены
,,,,https://www.vesselfinder.com/ru/vessels?name=AREND,"не все данные найдены: name='AREND', imo='', mmsi='', type='Pleasure craft'"
,,,,https://www.vesselfinder.com/ru/vessels?name=ARIES,"не все данные найдены: name='ARIES', imo='', mmsi='', type='Pleasure craft'"
ARINAY,8518247,273386370,Fishing vessel,https://www.vesselfinder.com/ru/vessels?name=ARINAY,
,,,,https://www.vesselfinder.com/ru/vessels?name=ARIS,"не все данные найдены: name='ARIS', imo='', mmsi='', type='Pleasure craft'"
,,,,https://www.vesselfinder.com/ru/vessels?name=ARITAMARU,"не все данные найдены: name='ARITAMARU', imo='', mmsi='', type='Tug'"
,,,,https://www.vesselfinder.com/ru/vessels?name=ARKA 34,статус код: 400
ARMU,9114529,671252100,Unknown,https://www.vesselfinder.com/ru/vessels?name=ARMU,
ARSENYEV,8700125,273165300,Tanker,https://www.vesselfinder.com/ru/vessels?name=ARSENYEV,
ASHANTI,9319636,273294470,Tug,https://www.vesselfinder.com/ru/vessels?name=ASHANTI,
ASHLEY,9258466,305010400,Tanker,https://www.vesselfinder.com/ru/vessels?name=ASHLEY,
,,,,https://www.vesselfinder.com/ru/vessels?name=ASIA 2HO,статус код: 400
,,,,https://www.vesselfinder.com/ru/vessels?name=ASIA EXPRESS,статус код: 400
,,,,https://www.vesselfinder.com/ru/vessels?name=ASIA6HO,суда не найдены
,,,,https://www.vesselfinder.com/ru/vessels?name=ASIATIC NEPTUNE,статус код: 400
,,,,https://www.vesselfinder.com/ru/vessels?name=ASTORIA,"не все данные найдены: name='ASTORIA', imo='', mmsi='', type='Pleasure craft'"
,,,,https://www.vesselfinder.com/ru/vessels?name=ATAYAL MARINER,статус код: 400
,,,,https://www.vesselfinder.com/ru/vessels?name=ATHERINA,"не все данные найдены: name='ATHERINA', imo='', mmsi='', type='Sailing vessel'"
,,,,https://www.vesselfinder.com/ru/vessels?name=ATLANTIC STAR,статус код: 400
,,,,https://www.vesselfinder.com/ru/vessels?name=ATLANTICA,"не все данные найдены: name='ATLANTICA', imo='', mmsi='', type='Sailing vessel'"
ATLANTICOS,9282986,273617650,Tanker (HAZ-B),https://www.vesselfinder.com/ru/vessels?name=ATLANTICOS,
ATMOSPHERE,9401001,725015400,Pleasure craft,https://www.vesselfinder.com/ru/vessels?name=ATMOSPHERE,
,,,,https://www.vesselfinder.com/ru/vessels?name=AU GEMINI,статус код: 400
,,,,https://www.vesselfinder.com/ru/vessels?name=AVRA I,статус код: 400
AVRORA,8504258,273330710,Cargo ship,https://www.vesselfinder.com/ru/vessels?name=AVRORA,
,,,,https://www.vesselfinder.com/ru/vessels?name=AYA I,статус код: 400
AYAKS,8662658,273254500,Fishing vessel,https://www.vesselfinder.com/ru/vessels?name=AYAKS,
,,,,https://www.vesselfinder.com/ru/vessels?name=AYE EVOLUTION,статус код: 400
,,,,https://www.vesselfinder.com/ru/vessels?name=AZOV,"не все данные найдены: name='AZOV', imo='', mmsi='', type='Pleasure craft'"
,,,,https://www.vesselfinder.com/ru/vessels?name=BAEKKYUNG,суда не найдены
,,,,https://www.vesselfinder.com/ru/vessels?name=BAIKAL,"не все данные найдены: name='BAIKAL', imo='', mmsi='', type='Sailing vessel'"
,,,,https://www.vesselfinder.com/ru/vessels?name=BAL BOAN,статус код: 400
,,,,https://www.vesselfinder.com/ru/vessels?name=BALTIC AUTUMN,статус код: 400
,,,,https://www.vesselfinder.com/ru/vessels?name=BALTIC HOLLYHOCK,статус код: 400
,,,,https://www.vesselfinder.com/ru/vessels?name=BALTIC LADY,статус код: 400
,,,,https://www.vesselfinder.com/ru/vessels?name=BALTIC SPRING,статус код: 400
,,,,https://www.vesselfinder.com/ru/vessels?name=BAO JIA,статус код: 400
,,,,https://www.vesselfinder.com/ru/vessels?name=BAO TONG I,статус код: 400
,,,,https://www.vesselfinder.com/ru/vessels?name=BAO WEALTH,статус код: 400
,,,,https://www.vesselfinder.com/ru/vessels?name=BARON CHEMIST,статус код: 400
BEKAS,8827480,273393130,Fishing vessel,https://www.vesselfinder.com/ru/vessels?name=BEKAS,
,,,,https://www.vesselfinder.com/ru/vessels?name=BELUGA,"не все данные найдены: name='BELUGA', imo='', mmsi='', type='Unknown'"
,,,,https://www.vesselfinder.com/ru/vessels?name=BEOM GANG NO.3,статус код: 400
,,,,https://www.vesselfinder.com/ru/vessels?name=BERGE JUNGFRAU,статус код: 400
BERING,9267297,273437510,Cargo ship,https://www.vesselfinder.com/ru/vessels?name=BERING,
,,,,https://www.vesselfinder.com/ru/vessels?name=BERINGZEE,"не все данные найдены: name='BERINGZEE', imo='', mmsi='', type=''"
,,,,https://www.vesselfinder.com/ru/vessels?name=BEST HONOR,статус код: 400
,,,,https://www.vesselfinder.com/ru/vessels?name=BEST UNITY,статус код: 400
BILIBINO,8801632,273327220,Cargo ship,https://www.vesselfinder.com/ru/vessels?name=BILIBINO,
,,,,https://www.vesselfinder.com/ru/vessels?name=BK 5HO,статус код: 400
,,,,https://www.vesselfinder.com/ru/vessels?name=BK STRIZH,статус код: 400
,,,,https://www.vesselfinder.com/ru/vessels?name=BK3HO,"не все данные найдены: name='BK3HO', imo='', mmsi='', type='Pleasure craft'"
,,,,https://www.vesselfinder.com/ru/vessels?name=BLUE PRIDE,статус код: 400
,,,,https://www.vesselfinder.com/ru/vessels?name=BLUE SKY I,статус код: 400
,,,,https://www.vesselfinder.com/ru/vessels?name=BLUE STAR,статус код: 400
,,,,https://www.vesselfinder.com/ru/vessels?name=BLUEWAYS,"не все данные найдены: name='BLUEWAYS', imo='', mmsi='', type='Pleasure craft'"
,,,,https://www.vesselfinder.com/ru/vessels?name=BO CHRIS JR,статус код: 400
,,,,https://www.vesselfinder.com/ru/vessels?name=BO TONG,статус код: 400
,,,,https://www.vesselfinder.com/ru/vessels?name=BON VIVANT,статус код: 400
,,,,https://www.vesselfinder.com/ru/vessels?name=BON VOYAGE,статус код: 400
,,,,https://www.vesselfinder.com/ru/vessels?name=BONOPOSTONOVSHIK,суда не найдены
,,,,https://www.vesselfinder.com/ru/vessels?name=BOOT 3,статус код: 400
,,,,https://www.vesselfinder.com/ru/vessels?name=BORNEO,"не все данные найдены: name='BORNEO', imo='', mmsi='', type='Other type'"
,,,,https://www.vesselfinder.com/ru/vessels?name=BOSFOR VOSTOCHNYY,статус код: 400
BOSS,9108752,231803000,Tug,https://www.vesselfinder.com/ru/vessels?name=BOSS,
,,,,https://www.vesselfinder.com/ru/vessels?name=BRABO,"не все данные найдены: name='BRABO', imo='', mmsi='', type='Unknown'"
BRAMS,8910794,273318780,Tanker,https://www.vesselfinder.com/ru/vessels?name=BRAMS,
,,,,https://www.vesselfinder.com/ru/vessels?name=BRIGADIR GUSEV,статус код: 400
,,,,https://www.vesselfinder.com/ru/vessels?name=BRIGHT ELEGANCE,статус код: 400
,,,,https://www.vesselfinder.com/ru/vessels?name=BRONZE LADY,статус код: 400
,,,,https://www.vesselfinder.com/ru/vessels?name=BU YONG 21HO,статус код: 400
,,,,https://www.vesselfinder.com/ru/vessels?name=BU YONG 7HO,статус код: 400
,,,,https://www.vesselfinder.com/ru/vessels?name=BUGSIER 21,статус код: 400
,,,,https://www.vesselfinder.com/ru/vessels?name=BUKHTA ASACHA,статус код: 400
BUKWANG NO 5,8998552,440206050,Tanker,https://www.vesselfinder.com/ru/vessels?name=BUKWANG,
,,,,https://www.vesselfinder.com/ru/vessels?name=BULK JOYANCE,статус код: 400
,,,,https://www.vesselfinder.com/ru/vessels?name=BUSAN STAR,статус код: 400
,,,,https://www.vesselfinder.com/ru/vessels?name=BUXCONTACT,суда не найдены
BYSTRAYA,9098971,273296960,Other type,https://www.vesselfinder.com/ru/vessels?name=BYSTRAYA,
,,,,https://www.vesselfinder.com/ru/vessels?name=BZ LINHAI,статус код: 400
,,,,https://www.vesselfinder.com/ru/vessels?name=CAI HONG DAO 7,статус код: 400
,,,,https://www.vesselfinder.com/ru/vessels?name=CAPITAN FINASHIN,статус код: 400
,,,,https://www.vesselfinder.com/ru/vessels?name=CAPTAIN KANG,статус код: 400
,,,,https://www.vesselfinder.com/ru/vessels?name=CAPTAIN KOSTICHEV,статус код: 400
,,,,https://www.vesselfinder.com/ru/vessels?name=CAPTAIN YAKUBOVICH,статус код: 400
,,,,https://www.vesselfinder.com/ru/vessels?name=CARAVOS LIBERTY,статус код: 400
CARLUNG,9637997,477995253,Tanker (HAZ-A),https://www.vesselfinder.com/ru/vessels?name=CARLUNG,
,,,,https://www.vesselfinder.com/ru/vessels?name=CAROLINA 33,статус код: 400
,,,,https://www.vesselfinder.com/ru/vessels?name=CASIMIR,"не все данные найдены: name='CASIMIR', imo='', mmsi='', type='Cargo ship'"
,,,,https://www.vesselfinder.com/ru/vessels?name=CFA23 01 63,статус код: 400
,,,,https://www.vesselfinder.com/ru/vessels?name=CFA23 02 66,статус код: 400
,,,,https://www.vesselfinder.com/ru/vessels?name=CFA23 04 51,статус код: 400
,,,,https://www.vesselfinder.com/ru/vessels?name=CFA23 08 46,статус код: 400
,,,,https://www.vesselfinder.com/ru/vessels?name=CHAMP STAR,статус код: 400
,,,,https://www.vesselfinder.com/ru/vessels?name=CHAMPION,"не все данные найдены: name='CHAMPION', imo='', mmsi='', type='Pleasure craft'"
,,,,https://www.vesselfinder.com/ru/vessels?name=CHANG AN 1,статус код: 400
,,,,https://www.vesselfinder.com/ru/vessels?name=CHANG CHI,статус код: 400
,,,,https://www.vesselfinder.com/ru/vessels?name=CHANG FU MEN,статус код: 400
,,,,https://www.vesselfinder.com/ru/vessels?name=CHANG HANG FENG CAI,статус код: 400
,,,,https://www.vesselfinder.com/ru/vessels?name=CHANG HANG KAI TUO,статус код: 400
,,,,https://www.vesselfinder.com/ru/vessels?name=CHANG HANG YOU 188,статус код: 400
,,,,https://www.vesselfinder.com/ru/vessels?name=CHANG JING 6,статус код: 400
,,,,https://www.vesselfinder.com/ru/vessels?name=CHANG RONG 12,статус код: 400
,,,,https://www.vesselfinder.com/ru/vessels?name=CHANG SHI 10,статус код: 400
,,,,https://www.vesselfinder.com/ru/vessels?name=CHANG ZHI DU 9,статус код: 400
,,,,https://www.vesselfinder.com/ru/vessels?name=CHENNAI VOYAGER,статус код: 400
,,,,https://www.vesselfinder.com/ru/vessels?name=CHERNAYA BARABULKA,статус код: 400
,,,,https://www.vesselfinder.com/ru/vessels?name=CHERNOMORETS 10,статус код: 400
,,,,https://www.vesselfinder.com/ru/vessels?name=CHERNOMORETS 24,статус код: 400
,,,,https://www.vesselfinder.com/ru/vessels?name=CHIMING,суда не найдены
,,,,https://www.vesselfinder.com/ru/vessels?name=CHO KWANG NO.101,статус код: 400
,,,,https://www.vesselfinder.com/ru/vessels?name=CHOKWANG NO.105,статус код: 400
,,,,https://www.vesselfinder.com/ru/vessels?name=CHOKWANG NO.7,статус код: 400
,,,,https://www.vesselfinder.com/ru/vessels?name=CHOKWANG NO.9,статус код: 400
,,,,https://www.vesselfinder.com/ru/vessels?name=CHUN I NO.316,статус код: 400
,,,,https://www.vesselfinder.com/ru/vessels?name=CLEAN JUSTICE,статус код: 400
,,,,https://www.vesselfinder.com/ru/vessels?name=COIPO,суда не найдены
,,,,https://www.vesselfinder.com/ru/vessels?name=COMMEARE,"не все данные найдены: name='COMMEARE', imo='', mmsi='', type='Cargo ship'"
CONSCIENCE,7211440,550071155,Pleasure craft,https://www.vesselfinder.com/ru/vessels?name=CONSCIENCE,
,,,,https://www.vesselfinder.com/ru/vessels?name=CONTSHIP ERA,статус код: 400
,,,,https://www.vesselfinder.com/ru/vessels?name=CORONA MAJESTY,статус код: 400
,,,,https://www.vesselfinder.com/ru/vessels?name=CORSO DREAM,статус код: 400
,,,,https://www.vesselfinder.com/ru/vessels?name=CORSO MARINE,статус код: 400
,,,,https://www.vesselfinder.com/ru/vessels?name=CORTINA,"не все данные найдены: name='CORTINA', imo='', mmsi='', type='Pleasure craft'"
,,,,https://www.vesselfinder.com/ru/vessels?name=COSCO AMERICA,статус код: 400
,,,,https://www.vesselfinder.com/ru/vessels?name=CRANE BARGE 2,статус код: 400
,,,,https://www.vesselfinder.com/ru/vessels?name=CRYSTAL JADE,статус код: 400
,,,,https://www.vesselfinder.com/ru/vessels?name=CS ZHE JIANG,статус код: 400
,,,,https://www.vesselfinder.com/ru/vessels?name=CSCL SUMMER,статус код: 400
,,,,https://www.vesselfinder.com/ru/vessels?name=CSCL YELLOW SEA,статус код: 400
,,,,https://www.vesselfinder.com/ru/vessels?name=CSK ENDEAVOUR,статус код: 400
,,,,https://www.vesselfinder.com/ru/vessels?name=CSSC CAPE TOWN,статус код: 400
,,,,https://www.vesselfinder.com/ru/vessels?name=CUNADO 3,статус код: 400
,,,,https://www.vesselfinder.com/ru/vessels?name=D SKALKEAS,статус код: 400
,,,,https://www.vesselfinder.com/ru/vessels?name=DA PIN YI HAO,статус код: 400
,,,,https://www.vesselfinder.com/ru/vessels?name=DA QING 453,статус код: 400
,,,,https://www.vesselfinder.com/ru/vessels?name=DAE MYEONG 3,статус код: 400
,,,,https://www.vesselfinder.com/ru/vessels?name=DAE MYEONG 7 HO,статус код: 400
,,,,https://www.vesselfinder.com/ru/vessels?name=DAE SEONG 107,статус код: 400
,,,,https://www.vesselfinder.com/ru/vessels?name=DAE WON 2HO,статус код: 400
,,,,https://www.vesselfinder.com/ru/vessels?name=DAEMYEONG1,суда не найдены
,,,,https://www.vesselfinder.com/ru/vessels?name=DAITOMO 7,статус код: 400
DANIDIN,8513039,273215390,Other type,https://www.vesselfinder.com/ru/vessels?name=DANIDIN,
,,,,https://www.vesselfinder.com/ru/vessels?name=DAO JI 5,статус код: 400
,,,,https://www.vesselfinder.com/ru/vessels?name=DD VICTORY,статус код: 400
,,,,https://www.vesselfinder.com/ru/vessels?name=DD VIGILANT,статус код: 400
,,,,https://www.vesselfinder.com/ru/vessels?name=DD VOGUE,статус код: 400
,,,,https://www.vesselfinder.com/ru/vessels?name=DD VOYAGER,статус код: 400
,,,,https://www.vesselfinder.com/ru/vessels?name=DEA RYONG NO.305,статус код: 400
,,,,https://www.vesselfinder.com/ru/vessels?name=DEBONAIR,"не все данные найдены: name='DEBONAIR', imo='', mmsi='', type='Pleasure craft'"
,,,,https://www.vesselfinder.com/ru/vessels?name=DELFIN,"не все данные найдены: name='DELFIN', imo='', mmsi='', type='Pleasure craft'"
DELPHI,9283796,636014336,Tanker (HAZ-C),https://www.vesselfinder.com/ru/vessels?name=DELPHI,
,,,,https://www.vesselfinder.com/ru/vessels?name=DEMI J,статус код: 400
,,,,https://www.vesselfinder.com/ru/vessels?name=DENSA SEAL,статус код: 400
,,,,https://www.vesselfinder.com/ru/vessels?name=DESTINY,"не все данные найдены: name='DESTINY', imo='', mmsi='', type='Pleasure craft'"
,,,,https://www.vesselfinder.com/ru/vessels?name=DIAMOND STAR,статус код: 400
,,,,https://www.vesselfinder.com/ru/vessels?name=DIAS WELL,статус код: 400
,,,,https://www.vesselfinder.com/ru/vessels?name=DIETRICH OLDENDORFF,статус код: 400
DIMA,9008043,273313660,Cargo ship,https://www.vesselfinder.com/ru/vessels?name=DIMA,
,,,,https://www.vesselfinder.com/ru/vessels?name=DIOMID,"не все данные найдены: name='DIOMID', imo='', mmsi='', type='Cargo ship'"
,,,,https://www.vesselfinder.com/ru/vessels?name=DL EMERALD,статус код: 400
,,,,https://www.vesselfinder.com/ru/vessels?name=DMITRIY RULEVSKIY,статус код: 400
,,,,https://www.vesselfinder.com/ru/vessels?name=DMITRIY SHEVCHENKO,статус код: 400
,,,,https://www.vesselfinder.com/ru/vessels?name=DO YANG NO.7,статус код: 400
,,,,https://www.vesselfinder.com/ru/vessels?name=DOBROFLOT,суда не найдены
,,,,https://www.vesselfinder.com/ru/vessels?name=DOBRYNYA,"не все данные найдены: name='DOBRYNYA', imo='', mmsi='', type=''"
,,,,https://www.vesselfinder.com/ru/vessels?name=DON,"не все данные найдены: name='DON DON', imo='', mmsi='', type='Pleasure craft'"
,,,,https://www.vesselfinder.com/ru/vessels?name=DONG BANG NO 3,статус код: 400
,,,,https://www.vesselfinder.com/ru/vessels?name=DONG BANG NO.7,статус код: 400
,,,,https://www.vesselfinder.com/ru/vessels?name=DONG FANG SHI BA HAO,статус код: 400
,,,,https://www.vesselfinder.com/ru/vessels?name=DONG FANG SHUN,статус код: 400
,,,,https://www.vesselfinder.com/ru/vessels?name=DONG FANG XING,статус код: 400
,,,,https://www.vesselfinder.com/ru/vessels?name=DONGBANG NO1HO,статус код: 400
,,,,https://www.vesselfinder.com/ru/vessels?name=DONGFANGSHIJIUHAO,суда не найдены
,,,,https://www.vesselfinder.com/ru/vessels?name=DONGJIN HIGHNESS,статус код: 400
,,,,https://www.vesselfinder.com/ru/vessels?name=DORIS,"не все данные найдены: name='DORIS', imo='', mmsi='', type=''"
,,,,https://www.vesselfinder.com/ru/vessels?name=DOZORNYY,"не все данные найдены: name='DOZORNYY', imo='', mmsi='', type=''"
,,,,https://www.vesselfinder.com/ru/vessels?name=DPL ALYUR,статус код: 400
DUBNA,8905608,273439430,Fishing vessel,https://www.vesselfinder.com/ru/vessels?name=DUBNA,
,,,,https://www.vesselfinder.com/ru/vessels?name=DUBROVNIK,"не все данные найдены: name='DUBROVNIK', imo='', mmsi='', type='Sailing vessel'"
,,,,https://www.vesselfinder.com/ru/vessels?name=EBN HAWKEL,статус код: 400
,,,,https://www.vesselfinder.com/ru/vessels?name=EDWIN,"не все данные найдены: name='EDWIN', imo='', mmsi='', type=''"
,,,,https://www.vesselfinder.com/ru/vessels?name=EEMSLIFT DAFNE,статус код: 400
,,,,https://www.vesselfinder.com/ru/vessels?name=EILTANK 68,статус код: 400
,,,,https://www.vesselfinder.com/ru/vessels?name=EKARMA 2,статус код: 400
,,,,https://www.vesselfinder.com/ru/vessels?name=EKARMA 3,статус код: 400
EKATERINA,9158458,215776000,Cargo ship,https://www.vesselfinder.com/ru/vessels?name=EKATERINA,
,,,,https://www.vesselfinder.com/ru/vessels?name=ELANDRA SPRUCE,статус код: 400
,,,,https://www.vesselfinder.com/ru/vessels?name=ELEEN EVA,статус код: 400
,,,,https://www.vesselfinder.com/ru/vessels?name=ELEONORA,"не все данные найдены: name='ELEONORA', imo='', mmsi='', type='SAR'"
,,,,https://www.vesselfinder.com/ru/vessels?name=ELGA,"не все данные найдены: name='ELGA', imo='', mmsi='', type='Sailing vessel'"
,,,,https://www.vesselfinder.com/ru/vessels?name=ELIANE,"не все данные найдены: name='ELIANE', imo='', mmsi='', type='Sailing vessel'"
,,,,https://www.vesselfinder.com/ru/vessels?name=ELLA,"не все данные найдены: name='ELLA', imo='', mmsi='', type='Sailing vessel'"
,,,,https://www.vesselfinder.com/ru/vessels?name=EM RUBY,статус код: 400
,,,,https://www.vesselfinder.com/ru/vessels?name=EM SAPPHIRE,статус код: 400
,,,,https://www.vesselfinder.com/ru/vessels?name=EMCO 1,статус код: 400
,,,,https://www.vesselfinder.com/ru/vessels?name=EN JI 1,статус код: 400
,,,,https://www.vesselfinder.com/ru/vessels?name=ERNEST VINBERG,статус код: 400
EROFEY,8907072,273299430,Fishing vessel,https://www.vesselfinder.com/ru/vessels?name=EROFEY,
EUROVISION,9567697,311076800,Tanker,https://www.vesselfinder.com/ru/vessels?name=EUROVISION,
,,,,https://www.vesselfinder.com/ru/vessels?name=EVER BLOOM,статус код: 400
,,,,https://www.vesselfinder.com/ru/vessels?name=EVER BURLY,статус код: 400
,,,,https://www.vesselfinder.com/ru/vessels?name=EVGENIY KOCHESHKOV,статус код: 400
,,,,https://www.vesselfinder.com/ru/vessels?name=EVGENIY ZOTOV,статус код: 400
,,,,https://www.vesselfinder.com/ru/vessels?name=EXPLORER,"не все данные найдены: name='EXPLORER', imo='', mmsi='', type='Sailing vessel'"
,,,,https://www.vesselfinder.com/ru/vessels?name=FAIRPLAY 21,статус код: 400
,,,,https://www.vesselfinder.com/ru/vessels?name=FAIRPLAY 23,статус код: 400
,,,,https://www.vesselfinder.com/ru/vessels?name=FAIRPLAY 24,статус код: 400
,,,,https://www.vesselfinder.com/ru/vessels?name=FAIRY ISLAND,статус код: 400
,,,,https://www.vesselfinder.com/ru/vessels?name=FEDERAL YELLOWSTONE,статус код: 400
,,,,https://www.vesselfinder.com/ru/vessels?name=FEDOR USHAKOV,статус код: 400
,,,,https://www.vesselfinder.com/ru/vessels?name=FEEDER 2,статус код: 400
,,,,https://www.vesselfinder.com/ru/vessels?name=FEIZHOU 7,статус код: 400
,,,,https://www.vesselfinder.com/ru/vessels?name=FEIZHOU9,суда не найдены
,,,,https://www.vesselfinder.com/ru/vessels?name=FENDA 18,статус код: 400
,,,,https://www.vesselfinder.com/ru/vessels?name=FENG HOU 89,статус код: 400
,,,,https://www.vesselfinder.com/ru/vessels?name=FESCO DALNEGORSK,статус код: 400
,,,,https://www.vesselfinder.com/ru/vessels?name=FESCO DIOMID,статус код: 400
,,,,https://www.vesselfinder.com/ru/vessels?name=FESCO NAGAEVO,статус код: 400
,,,,https://www.vesselfinder.com/ru/vessels?name=FESCO NOVIK,статус код: 400
,,,,https://www.vesselfinder.com/ru/vessels?name=FESCO SOFIA,статус код: 400
,,,,https://www.vesselfinder.com/ru/vessels?name=FESCO TRADER,статус код: 400
,,,,https://www.vesselfinder.com/ru/vessels?name=FILIA,"не все данные найдены: name='FILIA', imo='', mmsi='', type='Unknown'"
,,,,https://www.vesselfinder.com/ru/vessels?name=FIRST BROTHER,статус код: 400
,,,,https://www.vesselfinder.com/ru/vessels?name=FM ACE,статус код: 400
,,,,https://www.vesselfinder.com/ru/vessels?name=FORTUNE TRADE I,статус код: 400
,,,,https://www.vesselfinder.com/ru/vessels?name=FORTUNE UNION,статус код: 400
,,,,https://www.vesselfinder.com/ru/vessels?name=FPMC 34,статус код: 400
,,,,https://www.vesselfinder.com/ru/vessels?name=FPMC B 102,статус код: 400
,,,,https://www.vesselfinder.com/ru/vessels?name=FPMC B 104,статус код: 400
,,,,https://www.vesselfinder.com/ru/vessels?name=FPMC B 105,статус код: 400
,,,,https://www.vesselfinder.com/ru/vessels?name=FPMC B 106,статус код: 400
,,,,https://www.vesselfinder.com/ru/vessels?name=FPMC B FOREVER,статус код: 400
,,,,https://www.vesselfinder.com/ru/vessels?name=FREE SPIRIT,статус код: 400
FREGAT,9243708,273299180,Fishing vessel,https://www.vesselfinder.com/ru/vessels?name=FREGAT,
,,,,https://www.vesselfinder.com/ru/vessels?name=FRIO AGATES,статус код: 400
,,,,https://www.vesselfinder.com/ru/vessels?name=FRIO ANTWERP,статус код: 400
,,,,https://www.vesselfinder.com/ru/vessels?name=FRIO KIANIT,статус код: 400
,,,,https://www.vesselfinder.com/ru/vessels?name=FRIO NAVARIN,статус код: 400
,,,,https://www.vesselfinder.com/ru/vessels?name=FRIO SAPFIR,статус код: 400
,,,,https://www.vesselfinder.com/ru/vessels?name=FRIO SEVASTOPOLIS,статус код: 400
,,,,https://www.vesselfinder.com/ru/vessels?name=FRONT LYNX,статус код: 400
,,,,https://www.vesselfinder.com/ru/vessels?name=FU RUI 168,статус код: 400
,,,,https://www.vesselfinder.com/ru/vessels?name=FU SHENG,статус код: 400
,,,,https://www.vesselfinder.com/ru/vessels?name=FU SHUN 11,статус код: 400
,,,,https://www.vesselfinder.com/ru/vessels?name=FU YUAN YU 8730,статус код: 400
,,,,https://www.vesselfinder.com/ru/vessels?name=FU YUAN YU 8732,статус код: 400
FUDA,9331933,352001547,Cargo ship,https://www.vesselfinder.com/ru/vessels?name=FUDA,
,,,,https://www.vesselfinder.com/ru/vessels?name=FUHAI,"не все данные найдены: name='FUHAI', imo='', mmsi='', type=''"
,,,,https://www.vesselfinder.com/ru/vessels?name=FULLRICH,суда не найдены
,,,,https://www.vesselfinder.com/ru/vessels?name=FUSHUNDU1,суда не найдены
FUXING,9277553,352003927,Cargo ship,https://www.vesselfinder.com/ru/vessels?name=FUXING,
FUYUAN,9191527,372685000,Cargo ship,https://www.vesselfinder.com/ru/vessels?name=FUYUAN,
,,,,https://www.vesselfinder.com/ru/vessels?name=FUYUANYU 8639,статус код: 400
,,,,https://www.vesselfinder.com/ru/vessels?name=FUYUANYU 8641,статус код: 400
,,,,https://www.vesselfinder.com/ru/vessels?name=FYM SAPPHIRA,статус код: 400
,,,,https://www.vesselfinder.com/ru/vessels?name=G.ROSSINI,суда не найдены
,,,,https://www.vesselfinder.com/ru/vessels?name=GA HONG,статус код: 400
,,,,https://www.vesselfinder.com/ru/vessels?name=GALAXY OCEAN,статус код: 400
,,,,https://www.vesselfinder.com/ru/vessels?name=GANG TONG 19,статус код: 400
,,,,https://www.vesselfinder.com/ru/vessels?name=GEAT WISDOM,статус код: 400
GEFEST,9142758,273611730,Tug,https://www.vesselfinder.com/ru/vessels?name=GEFEST,
GELIY,9899923,273292170,Tug,https://www.vesselfinder.com/ru/vessels?name=GELIY,
,,,,https://www.vesselfinder.com/ru/vessels?name=GENCO MARY,статус код: 400
,,,,https://www.vesselfinder.com/ru/vessels?name=GENERAL KRIVONOS,статус код: 400
,,,,https://www.vesselfinder.com/ru/vessels?name=GENNADIY NEVELSKOY,статус код: 400
,,,,https://www.vesselfinder.com/ru/vessels?name=GENYO MARU,статус код: 400
,,,,https://www.vesselfinder.com/ru/vessels?name=GEOPARK VENUS,статус код: 400
,,,,https://www.vesselfinder.com/ru/vessels?name=GEORGIY MESHCHERYAKOV,статус код: 400
,,,,https://www.vesselfinder.com/ru/vessels?name=GEORGY SEDOV,статус код: 400
GESPER,8409305,273429690,Towing vessel,https://www.vesselfinder.com/ru/vessels?name=GESPER,
,,,,https://www.vesselfinder.com/ru/vessels?name=GHIBLI,"не все данные найдены: name='GHIBLI', imo='', mmsi='', type='Fishing vessel'"
GHOUSTA,9254836,357968000,Cargo ship,https://www.vesselfinder.com/ru/vessels?name=GHOUSTA,
GIPANIS,8859744,273445090,Passenger ship,https://www.vesselfinder.com/ru/vessels?name=GIPANIS,
,,,,https://www.vesselfinder.com/ru/vessels?name=GITTE,"не все данные найдены: name='GITTE', imo='', mmsi='', type='Sailing vessel'"
,,,,https://www.vesselfinder.com/ru/vessels?name=GLISSANDO,"не все данные найдены: name='GLISSANDO', imo='', mmsi='', type='Cargo ship'"
,,,,https://www.vesselfinder.com/ru/vessels?name=GLOBAL 5HO,статус код: 400
GLORIWIND,9449649,477969100,Tanker,https://www.vesselfinder.com/ru/vessels?name=GLORIWIND,
,,,,https://www.vesselfinder.com/ru/vessels?name=GLORY,"не все данные найдены: name='GLORY', imo='', mmsi='', type=''"
,,,,https://www.vesselfinder.com/ru/vessels?name=GNS HARVEST,статус код: 400
,,,,https://www.vesselfinder.com/ru/vessels?name=GNS HOPE,статус код: 400
,,,,https://www.vesselfinder.com/ru/vessels?name=GO RYO 3 HO,статус код: 400
,,,,https://www.vesselfinder.com/ru/vessels?name=GODAM,суда не найдены
,,,,https://www.vesselfinder.com/ru/vessels?name=GOEDHART 2,статус код: 400
,,,,https://www.vesselfinder.com/ru/vessels?name=GOLD LUCKY,статус код: 400
,,,,https://www.vesselfinder.com/ru/vessels?name=GOLD SEASON,статус код: 400
,,,,https://www.vesselfinder.com/ru/vessels?name=GOLD SOURCE,статус код: 400
,,,,https://www.vesselfinder.com/ru/vessels?name=GOLDEN ATLANTIC,статус код: 400
,,,,https://www.vesselfinder.com/ru/vessels?name=GOLDEN BRIDGE,статус код: 400
,,,,https://www.vesselfinder.com/ru/vessels?name=GOLDEN FLAME,статус код: 400
,,,,https://www.vesselfinder.com/ru/vessels?name=GOODY,"не все данные найдены: name='GOODY', imo='', mmsi='', type='Pleasure craft'"
,,,,https://www.vesselfinder.com/ru/vessels?name=GRAND BLUE,статус код: 400
,,,,https://www.vesselfinder.com/ru/vessels?name=GRAND DIONYSUS,статус код: 400
,,,,https://www.vesselfinder.com/ru/vessels?name=GRAND T,статус код: 400
,,,,https://www.vesselfinder.com/ru/vessels?name=GRAND WINNER 5,статус код: 400
,,,,https://www.vesselfinder.com/ru/vessels?name=GREAT NAVIGATOR,статус код: 400
,,,,https://www.vesselfinder.com/ru/vessels?name=GREAT WENXIAN,статус код: 400
,,,,https://www.vesselfinder.com/ru/vessels?name=GREAT WENXIANG,статус код: 400
,,,,https://www.vesselfinder.com/ru/vessels?name=GREY SAKER,статус код: 400
,,,,https://www.vesselfinder.com/ru/vessels?name=GRIFFIN,"не все данные найдены: name='GRIFFIN', imo='', mmsi='', type='Sailing vessel'"
,,,,https://www.vesselfinder.com/ru/vessels?name=GRIFON 7,статус код: 400
,,,,https://www.vesselfinder.com/ru/vessels?name=GRIGORIY BURYA,статус код: 400
,,,,https://www.vesselfinder.com/ru/vessels?name=GRIPHON 5,статус код: 400
,,,,https://www.vesselfinder.com/ru/vessels?name=GRIPHON 8,статус код: 400
GRUMANT,8729286,273425000,Fishing vessel,https://www.vesselfinder.com/ru/vessels?name=GRUMANT,
,,,,https://www.vesselfinder.com/ru/vessels?name=GRUZOVOJ 3,статус код: 400
,,,,https://www.vesselfinder.com/ru/vessels?name=GRUZOVOJ 7,статус код: 400
,,,,https://www.vesselfinder.com/ru/vessels?name=GUOHAI12,суда не найдены
,,,,https://www.vesselfinder.com/ru/vessels?name=HAE KANG NO.1,статус код: 400
,,,,https://www.vesselfinder.com/ru/vessels?name=HAE SEONG 9 HO,статус код: 400
,,,,https://www.vesselfinder.com/ru/vessels?name=HAE SEONG7HO,статус код: 400
,,,,https://www.vesselfinder.com/ru/vessels?name=HAE SUNG 1HO,статус код: 400
,,,,https://www.vesselfinder.com/ru/vessels?name=HAEKANG NO.9,статус код: 400
,,,,https://www.vesselfinder.com/ru/vessels?name=HAESUNG,"не все данные найдены: name='HAESUNG', imo='', mmsi='', type='Fishing vessel'"
,,,,https://www.vesselfinder.com/ru/vessels?name=HAI CHANG TUO 1,статус код: 400
,,,,https://www.vesselfinder.com/ru/vessels?name=HAI FENG 678,статус код: 400
,,,,https://www.vesselfinder.com/ru/vessels?name=HAI GANG 103,статус код: 400
,,,,https://www.vesselfinder.com/ru/vessels?name=HAI GANG 21,статус код: 400
,,,,https://www.vesselfinder.com/ru/vessels?name=HAI JIN JIANG SH,статус код: 400
,,,,https://www.vesselfinder.com/ru/vessels?name=HAI XIANG 5,статус код: 400
,,,,https://www.vesselfinder.com/ru/vessels?name=HAI ZHI RUN 69,статус код: 400
,,,,https://www.vesselfinder.com/ru/vessels?name=HANABUSA,"не все данные найдены: name='HANABUSA', imo='', mmsi='', type='Fishing vessel'"
,,,,https://www.vesselfinder.com/ru/vessels?name=HANG BO 7001,статус код: 400
,,,,https://www.vesselfinder.com/ru/vessels?name=HANG BO 7002,статус код: 400
,,,,https://www.vesselfinder.com/ru/vessels?name=HANG JUN 5001,статус код: 400
,,,,https://www.vesselfinder.com/ru/vessels?name=HANNA,"не все данные найдены: name='HANNA', imo='', mmsi='', type='Unknown'"
,,,,https://www.vesselfinder.com/ru/vessels?name=HAO XING 66,статус код: 400
,,,,https://www.vesselfinder.com/ru/vessels?name=HAPPINESS FRONTIER,статус код: 400
HARBIZ,9037630,273313640,Fishing vessel,https://www.vesselfinder.com/ru/vessels?name=HARBIZ,
,,,,https://www.vesselfinder.com/ru/vessels?name=HAVEN MESSENGER,статус код: 400
,,,,https://www.vesselfinder.com/ru/vessels?name=HE CHUN 168,статус код: 400
,,,,https://www.vesselfinder.com/ru/vessels?name=HE DA TUO 7,статус код: 400
,,,,https://www.vesselfinder.com/ru/vessels?name=HE SHUN,статус код: 400
,,,,https://www.vesselfinder.com/ru/vessels?name=HEDA17,суда не найдены
,,,,https://www.vesselfinder.com/ru/vessels?name=HEILAN CRUISER,статус код: 400
,,,,https://www.vesselfinder.com/ru/vessels?name=HELENA,"не все данные найдены: name='HELENA', imo='', mmsi='', type='Fishing vessel'"
,,,,https://www.vesselfinder.com/ru/vessels?name=HELIOS,"не все данные найдены: name='HELIOS', imo='', mmsi='', type='Pleasure craft'"
HELIUS,9516284,273384040,Tug,https://www.vesselfinder.com/ru/vessels?name=HELIUS,
,,,,https://www.vesselfinder.com/ru/vessels?name=HEMUS,"не все данные найдены: name='HEMUS', imo='', mmsi='', type='Sailing vessel'"
,,,,https://www.vesselfinder.com/ru/vessels?name=HENG HUI,статус код: 400
,,,,https://www.vesselfinder.com/ru/vessels?name=HENG JI 88,статус код: 400
,,,,https://www.vesselfinder.com/ru/vessels?name=HENGTAI 8,статус код: 400
,,,,https://www.vesselfinder.com/ru/vessels?name=HERMES HOPE,статус код: 400
,,,,https://www.vesselfinder.com/ru/vessels?name=HEUNG JIN NO7,статус код: 400
,,,,https://www.vesselfinder.com/ru/vessels?name=HEUNGJIN NO5,статус код: 400
,,,,https://www.vesselfinder.com/ru/vessels?name=HF FORTUNE,статус код: 400
,,,,https://www.vesselfinder.com/ru/vessels?name=HH PIONEER,статус код: 400
,,,,https://www.vesselfinder.com/ru/vessels?name=HIGH EXPLORER,статус код: 400
,,,,https://www.vesselfinder.com/ru/vessels?name=HINODE MARU NO.38,статус код: 400
HIROMI,9260251,511101569,Cargo ship,https://www.vesselfinder.com/ru/vessels?name=HIROMI,
HOLDING,8933277,273319970,Passenger ship,https://www.vesselfinder.com/ru/vessels?name=HOLDING,
,,,,https://www.vesselfinder.com/ru/vessels?name=HOLLY PIONEER,статус код: 400
,,,,https://www.vesselfinder.com/ru/vessels?name=HONG DA HAI 88,статус код: 400
,,,,https://www.vesselfinder.com/ru/vessels?name=HONG HAI YANG,статус код: 400
,,,,https://www.vesselfinder.com/ru/vessels?name=HONG JIA 17,статус код: 400
,,,,https://www.vesselfinder.com/ru/vessels?name=HONG JINHO,статус код: 400
,,,,https://www.vesselfinder.com/ru/vessels?name=HONG RUN,статус код: 400
,,,,https://www.vesselfinder.com/ru/vessels?name=HONG RUN 18,статус код: 400
,,,,https://www.vesselfinder.com/ru/vessels?name=HONG XIANG,статус код: 400
,,,,https://www.vesselfinder.com/ru/vessels?name=HONG XIANG 11,статус код: 400
,,,,https://www.vesselfinder.com/ru/vessels?name=HONG XIANG 15,статус код: 400
HONGCHANG,9113410,372938000,Cargo ship,https://www.vesselfinder.com/ru/vessels?name=HONGCHANG,
,,,,https://www.vesselfinder.com/ru/vessels?name=HONGKONG VOYAGER,статус код: 400
,,,,https://www.vesselfinder.com/ru/vessels?name=HONGXIANG569,суда не найдены
,,,,https://www.vesselfinder.com/ru/vessels?name=HORIZON JADE,статус код: 400
,,,,https://www.vesselfinder.com/ru/vessels?name=HS LUCK,статус код: 400
,,,,https://www.vesselfinder.com/ru/vessels?name=HTK CONFIDENCE,статус код: 400
,,,,https://www.vesselfinder.com/ru/vessels?name=HTK GALAXY,статус код: 400
,,,,https://www.vesselfinder.com/ru/vessels?name=HUA LI,статус код: 400
,,,,https://www.vesselfinder.com/ru/vessels?name=HUA RONG 3,статус код: 400
,,,,https://www.vesselfinder.com/ru/vessels?name=HUA XIA 98,статус код: 400
,,,,https://www.vesselfinder.com/ru/vessels?name=HUA YING 803,статус код: 400
,,,,https://www.vesselfinder.com/ru/vessels?name=HUA YUN 1,статус код: 400
,,,,https://www.vesselfinder.com/ru/vessels?name=HUAN HANG 17,статус код: 400
,,,,https://www.vesselfinder.com/ru/vessels?name=HUGO,"не все данные найдены: name='HUGO', imo='', mmsi='', type='Other type'"
,,,,https://www.vesselfinder.com/ru/vessels?name=HUI AN,статус код: 400
,,,,https://www.vesselfinder.com/ru/vessels?name=HUI DA 9,статус код: 400
,,,,https://www.vesselfinder.com/ru/vessels?name=HUI FA,статус код: 400
,,,,https://www.vesselfinder.com/ru/vessels?name=HUI HAI 18,статус код: 400
,,,,https://www.vesselfinder.com/ru/vessels?name=HWA LAND,статус код: 400
,,,,https://www.vesselfinder.com/ru/vessels?name=HWANG RYONG NO.203,статус код: 400
,,,,https://www.vesselfinder.com/ru/vessels?name=HY BUSAN,статус код: 400
,,,,https://www.vesselfinder.com/ru/vessels?name=HYUNDAI 2HO,статус код: 400
,,,,https://www.vesselfinder.com/ru/vessels?name=HYUNDAI1HO,суда не найдены
,,,,https://www.vesselfinder.com/ru/vessels?name=ICARIA,"не все данные найдены: name='ICARIA', imo='', mmsi='', type='Pleasure craft'"
,,,,https://www.vesselfinder.com/ru/vessels?name=ICE CRYSTAL,статус код: 400
,,,,https://www.vesselfinder.com/ru/vessels?name=ICE RIVER,статус код: 400
,,,,https://www.vesselfinder.com/ru/vessels?name=ICE STREAM,статус код: 400
,,,,https://www.vesselfinder.com/ru/vessels?name=ICE WIND,статус код: 400
,,,,https://www.vesselfinder.com/ru/vessels?name=IGOR FARKHUTDINOV,статус код: 400
,,,,https://www.vesselfinder.com/ru/vessels?name=IL CHEONG KYUNG,статус код: 400
IMPERIUS,9403504,255915760,Cargo ship,https://www.vesselfinder.com/ru/vessels?name=IMPERIUS,
,,,,https://www.vesselfinder.com/ru/vessels?name=INDIAN GOODWILL,статус код: 400
,,,,https://www.vesselfinder.com/ru/vessels?name=INDIGO,"не все данные найдены: name='INDIGO', imo='', mmsi='', type='Sailing vessel'"
,,,,https://www.vesselfinder.com/ru/vessels?name=INLACO EXPRESS,статус код: 400
,,,,https://www.vesselfinder.com/ru/vessels?name=INVOTIS IV,статус код: 400
,,,,https://www.vesselfinder.com/ru/vessels?name=INVOTIS VIII,статус код: 400
,,,,https://www.vesselfinder.com/ru/vessels?name=INZHENER MISAN,статус код: 400
,,,,https://www.vesselfinder.com/ru/vessels?name=IRIS MIKO,статус код: 400
IRTYSH,8724420,273875400,Cargo ship,https://www.vesselfinder.com/ru/vessels?name=IRTYSH,
,,,,https://www.vesselfinder.com/ru/vessels?name=ISADORA,"не все данные найдены: name='ISADORA', imo='', mmsi='', type='Sailing vessel'"
,,,,https://www.vesselfinder.com/ru/vessels?name=IVAN KIREEV,статус код: 400
,,,,https://www.vesselfinder.com/ru/vessels?name=JACARANDA V,статус код: 400
,,,,https://www.vesselfinder.com/ru/vessels?name=JAG LYALL,статус код: 400
,,,,https://www.vesselfinder.com/ru/vessels?name=JC RUBY,статус код: 400
,,,,https://www.vesselfinder.com/ru/vessels?name=JE IL 5HO,статус код: 400
,,,,https://www.vesselfinder.com/ru/vessels?name=JEA3DONGSUNGHO,суда не найдены
,,,,https://www.vesselfinder.com/ru/vessels?name=JENNY LUCKY,статус код: 400
,,,,https://www.vesselfinder.com/ru/vessels?name=JETSTREAM,"не все данные найдены: name='JETSTREAM', imo='', mmsi='', type=''"
,,,,https://www.vesselfinder.com/ru/vessels?name=JI GUI,статус код: 400
,,,,https://www.vesselfinder.com/ru/vessels?name=JI HONG,статус код: 400
,,,,https://www.vesselfinder.com/ru/vessels?name=JIA GANG TUO 10,статус код: 400
,,,,https://www.vesselfinder.com/ru/vessels?name=JIA GANG TUO ER HAO,статус код: 400
,,,,https://www.vesselfinder.com/ru/vessels?name=JIA GANG TUO SAN HAO,статус код: 400
,,,,https://www.vesselfinder.com/ru/vessels?name=JIANGHUAIYOU888,суда не найдены
,,,,https://www.vesselfinder.com/ru/vessels?name=JIE LI,статус код: 400
,,,,https://www.vesselfinder.com/ru/vessels?name=JIN HAI XIN,статус код: 400
,,,,https://www.vesselfinder.com/ru/vessels?name=JIN HUA,статус код: 400
,,,,https://www.vesselfinder.com/ru/vessels?name=JIN RUN,статус код: 400
,,,,https://www.vesselfinder.com/ru/vessels?name=JIN YANG,статус код: 400
,,,,https://www.vesselfinder.com/ru/vessels?name=JING FENG 7,статус код: 400
,,,,https://www.vesselfinder.com/ru/vessels?name=JIUJIANGGANGTUO7,суда не найдены
,,,,https://www.vesselfinder.com/ru/vessels?name=JU WON,статус код: 400
,,,,https://www.vesselfinder.com/ru/vessels?name=JU XI,статус код: 400
,,,,https://www.vesselfinder.com/ru/vessels?name=JUKYENG NO.15,статус код: 400
,,,,https://www.vesselfinder.com/ru/vessels?name=JUN XIN 199,статус код: 400
,,,,https://www.vesselfinder.com/ru/vessels?name=JURKALNE,суда не найдены
,,,,https://www.vesselfinder.com/ru/vessels?name=K101,"не все данные найдены: name='K101', imo='', mmsi='', type='Tug'"
,,,,https://www.vesselfinder.com/ru/vessels?name=KAI LI,статус код: 400
,,,,https://www.vesselfinder.com/ru/vessels?name=KAI XUAN TUO 1,статус код: 400
,,,,https://www.vesselfinder.com/ru/vessels?name=KAIRYO MARU,статус код: 400
KALINOVSK,7832323,273824900,Fishing vessel,https://www.vesselfinder.com/ru/vessels?name=KALINOVSK,
,,,,https://www.vesselfinder.com/ru/vessels?name=KANG HUA WAN,статус код: 400
,,,,https://www.vesselfinder.com/ru/vessels?name=KAPITAN KHLEBNIKOV,статус код: 400
,,,,https://www.vesselfinder.com/ru/vessels?name=KAPITAN PRYAKHA,статус код: 400
,,,,https://www.vesselfinder.com/ru/vessels?name=KAPITAN SOKOLOV,статус код: 400
,,,,https://www.vesselfinder.com/ru/vessels?name=KAPITAN YAKOVLEV,статус код: 400
,,,,https://www.vesselfinder.com/ru/vessels?name=KAPITAN ZDOR,статус код: 400
,,,,https://www.vesselfinder.com/ru/vessels?name=KARBOUW,"не все данные найдены: name='KARBOUW', imo='', mmsi='', type='Tanker'"
,,,,https://www.vesselfinder.com/ru/vessels?name=KASKAD,"не все данные найдены: name='KASKAD', imo='', mmsi='', type='Tug'"
KAYMAN,9803443,273394630,Tug,https://www.vesselfinder.com/ru/vessels?name=KAYMAN,
KAZAN,9258002,273259910,Tanker,https://www.vesselfinder.com/ru/vessels?name=KAZAN,
,,,,https://www.vesselfinder.com/ru/vessels?name=KC HADONG,статус код: 400
,,,,https://www.vesselfinder.com/ru/vessels?name=KEJORA ENAM,статус код: 400
,,,,https://www.vesselfinder.com/ru/vessels?name=KEMA,"не все данные найдены: name='KEMA', imo='', mmsi='', type=''"
,,,,https://www.vesselfinder.com/ru/vessels?name=KEOYOUNG FRONTIER,статус код: 400
,,,,https://www.vesselfinder.com/ru/vessels?name=KEUM RYONG NO.551,статус код: 400
,,,,https://www.vesselfinder.com/ru/vessels?name=KHARIS HERITAGE,статус код: 400
KHASAN,9223215,273372520,Fishing vessel,https://www.vesselfinder.com/ru/vessels?name=KHASAN,
,,,,https://www.vesselfinder.com/ru/vessels?name=KHASANETS,"не все данные найдены: name='KHASANETS', imo='', mmsi='', type=''"
,,,,https://www.vesselfinder.com/ru/vessels?name=KILDIN,"не все данные найдены: name='KILDIN', imo='', mmsi='', type=''"
,,,,https://www.vesselfinder.com/ru/vessels?name=KING LAN,статус код: 400
,,,,https://www.vesselfinder.com/ru/vessels?name=KIROVO,суда не найдены
,,,,https://www.vesselfinder.com/ru/vessels?name=KIZHUCH,"не все данные найдены: name='KIZHUCH', imo='', mmsi='', type=''"
,,,,https://www.vesselfinder.com/ru/vessels?name=KM WEIPA,статус код: 400
,,,,https://www.vesselfinder.com/ru/vessels?name=KMTC CHENNAI,статус код: 400
,,,,https://www.vesselfinder.com/ru/vessels?name=KMTC NHAVA SHEVA,статус код: 400
,,,,https://www.vesselfinder.com/ru/vessels?name=KMTC NINGBO,статус код: 400
KOLGUEV,8132811,273421460,Tug,https://www.vesselfinder.com/ru/vessels?name=KOLGUEV,
,,,,https://www.vesselfinder.com/ru/vessels?name=KOMBRIG MALCHENKO,статус код: 400
,,,,https://www.vesselfinder.com/ru/vessels?name=KOMMUNARY NIKOLAYEVA,статус код: 400
,,,,https://www.vesselfinder.com/ru/vessels?name=KOMSOMOLIYA KALININGRADA,статус код: 400
KORE,9637583,273354270,Tanker,https://www.vesselfinder.com/ru/vessels?name=KORE,
,,,,https://www.vesselfinder.com/ru/vessels?name=KOREA VENUS,статус код: 400
KORF,9054030,273350490,Tanker,https://www.vesselfinder.com/ru/vessels?name=KORF,
,,,,https://www.vesselfinder.com/ru/vessels?name=KORO SEA,статус код: 400
,,,,https://www.vesselfinder.com/ru/vessels?name=KORSAR,"не все данные найдены: name='KORSAR', imo='', mmsi='', type='Passenger ship'"
,,,,https://www.vesselfinder.com/ru/vessels?name=KOSTRA 3,статус код: 400
,,,,https://www.vesselfinder.com/ru/vessels?name=KOSTROMA,"не все данные найдены: name='KOSTROMA', imo='', mmsi='', type=''"
,,,,https://www.vesselfinder.com/ru/vessels?name=KOTOSHIRO MARU NO.38,статус код: 400
,,,,https://www.vesselfinder.com/ru/vessels?name=KRAKOVETS,"не все данные найдены: name='KRAKOVETS', imo='', mmsi='', type='Tug'"
,,,,https://www.vesselfinder.com/ru/vessels?name=KRISTIINA,"не все данные найдены: name='KRISTIINA', imo='', mmsi='', type=''"
,,,,https://www.vesselfinder.com/ru/vessels?name=KRITI FUTURE,статус код: 400
,,,,https://www.vesselfinder.com/ru/vessels?name=KRITI JOURNEY,статус код: 400
,,,,https://www.vesselfinder.com/ru/vessels?name=KRITI VERANO,статус код: 400
,,,,https://www.vesselfinder.com/ru/vessels?name=KRVE 5,статус код: 400
,,,,https://www.vesselfinder.com/ru/vessels?name=KRVE 59,статус код: 400
,,,,https://www.vesselfinder.com/ru/vessels?name=KRVE 62,статус код: 400
,,,,https://www.vesselfinder.com/ru/vessels?name=KRVE 81,статус код: 400
,,,,https://www.vesselfinder.com/ru/vessels?name=KRVE10,"не все данные найдены: name='KRVE10', imo='', mmsi='', type='Other type'"
,,,,https://www.vesselfinder.com/ru/vessels?name=KRVE26,"не все данные найдены: name='KRVE26', imo='', mmsi='', type='Other type'"
,,,,https://www.vesselfinder.com/ru/vessels?name=KRVE9,"не все данные найдены: name='KRVE9', imo='', mmsi='', type='Dredging or UW ops'"
KRYMSKIY,8423583,273195200,Fishing vessel,https://www.vesselfinder.com/ru/vessels?name=KRYMSKIY,
,,,,https://www.vesselfinder.com/ru/vessels?name=KSP SCULPTOR,статус код: 400
,,,,https://www.vesselfinder.com/ru/vessels?name=KSP SUN,статус код: 400
,,,,https://www.vesselfinder.com/ru/vessels?name=KSP VIRGO,статус код: 400
,,,,https://www.vesselfinder.com/ru/vessels?name=KTS GREEN,статус код: 400
,,,,https://www.vesselfinder.com/ru/vessels?name=KUKDONG3HO,"не все данные найдены: name='KUKDONG3HO', imo='', mmsi='', type='Tanker'"
,,,,https://www.vesselfinder.com/ru/vessels?name=KUMJIN NO.19,статус код: 400
KUZBASS,9629782,273353280,Tug,https://www.vesselfinder.com/ru/vessels?name=KUZBASS,
,,,,https://www.vesselfinder.com/ru/vessels?name=KWANG JIN NO.17,статус код: 400
,,,,https://www.vesselfinder.com/ru/vessels?name=KWANGJIN NO15,статус код: 400
,,,,https://www.vesselfinder.com/ru/vessels?name=KWANGJIN NO9,статус код: 400
,,,,https://www.vesselfinder.com/ru/vessels?name=L3KL3SL3RL03L3LDOL,суда не найдены
,,,,https://www.vesselfinder.com/ru/vessels?name=L3OL3CL33L03L43LL3OL,суда не найдены
,,,,https://www.vesselfinder.com/ru/vessels?name=LADY MARITE,статус код: 400
LANGERI,8834536,273898610,Fishing vessel,https://www.vesselfinder.com/ru/vessels?name=LANGERI,
LARGA,9698616,352002688,Other type,https://www.vesselfinder.com/ru/vessels?name=LARGA,
,,,,https://www.vesselfinder.com/ru/vessels?name=LASKARO S,статус код: 400
,,,,https://www.vesselfinder.com/ru/vessels?name=LEE SUN SIN,статус код: 400
,,,,https://www.vesselfinder.com/ru/vessels?name=LEONID SENCHURA,статус код: 400
,,,,https://www.vesselfinder.com/ru/vessels?name=LI AN 69,статус код: 400
,,,,https://www.vesselfinder.com/ru/vessels?name=LIA,"не все данные найдены: name='LIA', imo='', mmsi='', type='Tanker'"
,,,,https://www.vesselfinder.com/ru/vessels?name=LIAN XIN,статус код: 400
,,,,https://www.vesselfinder.com/ru/vessels?name=LILY RISING,статус код: 400
,,,,https://www.vesselfinder.com/ru/vessels?name=LIMA1,суда не найдены
,,,,https://www.vesselfinder.com/ru/vessels?name=LITEYNY PROSPECT,статус код: 400
,,,,https://www.vesselfinder.com/ru/vessels?name=LIZA,"не все данные найдены: name='LIZA', imo='', mmsi='', type='Pleasure craft'"
,,,,https://www.vesselfinder.com/ru/vessels?name=LONG PHU 16,статус код: 400
LOOKMAN,9729142,273362790,Tug,https://www.vesselfinder.com/ru/vessels?name=LOOKMAN,
,,,,https://www.vesselfinder.com/ru/vessels?name=LOTOS 04,статус код: 400
,,,,https://www.vesselfinder.com/ru/vessels?name=LUCIA SOLIS,статус код: 400
,,,,https://www.vesselfinder.com/ru/vessels?name=LUCKY JASON,статус код: 400
,,,,https://www.vesselfinder.com/ru/vessels?name=LUCKY JESSICA,статус код: 400
,,,,https://www.vesselfinder.com/ru/vessels?name=LUCKY JULIA,статус код: 400
,,,,https://www.vesselfinder.com/ru/vessels?name=LUCKY PIONEER,статус код: 400
LUNI,9070711,341711001,Cargo ship,https://www.vesselfinder.com/ru/vessels?name=LUNI,
,,,,https://www.vesselfinder.com/ru/vessels?name=MALLIKA NAREE,статус код: 400
MALTSEVO,8722769,273243200,Fishing vessel,https://www.vesselfinder.com/ru/vessels?name=MALTSEVO,
MANEVRENNYY,8038027,273896700,Fishing vessel,https://www.vesselfinder.com/ru/vessels?name=MANEVRENNYY,
MANOUSOS P,9394753,636013647,Cargo ship,https://www.vesselfinder.com/ru/vessels?name=MANOUSOS,
,,,,https://www.vesselfinder.com/ru/vessels?name=MANTA NILGUN,статус код: 400
,,,,https://www.vesselfinder.com/ru/vessels?name=MANTA SENA,статус код: 400
,,,,https://www.vesselfinder.com/ru/vessels?name=MANTRA,"не все данные найдены: name='MANTRA', imo='', mmsi='', type='Sailing vessel'"
,,,,https://www.vesselfinder.com/ru/vessels?name=MAPLE RISING,статус код: 400
,,,,https://www.vesselfinder.com/ru/vessels?name=MARAN HELIOS,статус код: 400
,,,,https://www.vesselfinder.com/ru/vessels?name=MARGRET OLDENDORFF,статус код: 400
,,,,https://www.vesselfinder.com/ru/vessels?name=MARIA,"не все данные найдены: name='MARIA', imo='', mmsi='', type='Pleasure craft'"
,,,,https://www.vesselfinder.com/ru/vessels?name=MARIA PRINCESS,статус код: 400
,,,,https://www.vesselfinder.com/ru/vessels?name=MARINE STAR,статус код: 400
,,,,https://www.vesselfinder.com/ru/vessels?name=MARITIME ROSEMARY,статус код: 400
,,,,https://www.vesselfinder.com/ru/vessels?name=MARITIME VALOR,статус код: 400
,,,,https://www.vesselfinder.com/ru/vessels?name=MARLIN HERA,статус код: 400
,,,,https://www.vesselfinder.com/ru/vessels?name=MARLIN LA PLATA,статус код: 400
MAYBORG,7234868,273897500,Fishing vessel,https://www.vesselfinder.com/ru/vessels?name=MAYBORG,
,,,,https://www.vesselfinder.com/ru/vessels?name=MB 93,статус код: 400
,,,,https://www.vesselfinder.com/ru/vessels?name=MBS BRATAN,статус код: 400
,,,,https://www.vesselfinder.com/ru/vessels?name=MEDI HIROSHIMA,статус код: 400
,,,,https://www.vesselfinder.com/ru/vessels?name=MEKHANIK ROMANCHA,статус код: 400
,,,,https://www.vesselfinder.com/ru/vessels?name=MELINE,"не все данные найдены: name='EMELINE', imo='', mmsi='', type='Fishing vessel'"
,,,,https://www.vesselfinder.com/ru/vessels?name=MELLUM,"не все данные найдены: name='MELLUM', imo='', mmsi='', type=''"
,,,,https://www.vesselfinder.com/ru/vessels?name=MERCHANT THREE,статус код: 400
,,,,https://www.vesselfinder.com/ru/vessels?name=MERKUR HORIZON,статус код: 400
,,,,https://www.vesselfinder.com/ru/vessels?name=MERKURYY,"не все данные найдены: name='MERKURYY', imo='', mmsi='', type='Tug'"
MERTSANA,8324165,273354530,Fishing vessel,https://www.vesselfinder.com/ru/vessels?name=MERTSANA,
SAR MESANA,9525754,224493000,SAR,https://www.vesselfinder.com/ru/vessels?name=MESANA,
,,,,https://www.vesselfinder.com/ru/vessels?name=MIDORI,"не все данные найдены: name='MIDORI', imo='', mmsi='', type='Sailing vessel'"
,,,,https://www.vesselfinder.com/ru/vessels?name=MILLENNIUM LEADER,статус код: 400
,,,,https://www.vesselfinder.com/ru/vessels?name=MINERVA KALLISTO,статус код: 400
,,,,https://www.vesselfinder.com/ru/vessels?name=MINERVA LYDIA,статус код: 400
,,,,https://www.vesselfinder.com/ru/vessels?name=MINERVA RITA,статус код: 400
,,,,https://www.vesselfinder.com/ru/vessels?name=MINERVA VERA,статус код: 400
,,,,https://www.vesselfinder.com/ru/vessels?name=MING SHAN,статус код: 400
,,,,https://www.vesselfinder.com/ru/vessels?name=MING YANG,статус код: 400
,,,,https://www.vesselfinder.com/ru/vessels?name=MORSKOY VOLK,статус код: 400
,,,,https://www.vesselfinder.com/ru/vessels?name=MRTK 0770,статус код: 400
,,,,https://www.vesselfinder.com/ru/vessels?name=MRTK 0777,статус код: 400
,,,,https://www.vesselfinder.com/ru/vessels?name=MRTK 1051,статус код: 400
,,,,https://www.vesselfinder.com/ru/vessels?name=MRTK 316,статус код: 400
,,,,https://www.vesselfinder.com/ru/vessels?name=MRTK 3215,статус код: 400
,,,,https://www.vesselfinder.com/ru/vessels?name=MSC COLETTE III,статус код: 400
,,,,https://www.vesselfinder.com/ru/vessels?name=MSC DAVAO III,статус код: 400
,,,,https://www.vesselfinder.com/ru/vessels?name=MSC IDA II,статус код: 400
,,,,https://www.vesselfinder.com/ru/vessels?name=MSC MAKOTO II,статус код: 400
,,,,https://www.vesselfinder.com/ru/vessels?name=MSC MOON F,статус код: 400
,,,,https://www.vesselfinder.com/ru/vessels?name=MSC NORA,статус код: 400
,,,,https://www.vesselfinder.com/ru/vessels?name=MSC TIPHAINE,статус код: 400
,,,,https://www.vesselfinder.com/ru/vessels?name=MURAVYEV AMURSKIY,статус код: 400
,,,,https://www.vesselfinder.com/ru/vessels?name=MUROM,"не все данные найдены: name='MUROM', imo='', mmsi='', type='Passenger ship'"
,,,,https://www.vesselfinder.com/ru/vessels?name=MYS DATTA,статус код: 400
,,,,https://www.vesselfinder.com/ru/vessels?name=MYS KURBATOVA,статус код: 400
,,,,https://www.vesselfinder.com/ru/vessels?name=MYS NAVARIN,статус код: 400
,,,,https://www.vesselfinder.com/ru/vessels?name=MYS NEPRISTUPNYI,статус код: 400
,,,,https://www.vesselfinder.com/ru/vessels?name=MYS OKRE,статус код: 400
,,,,https://www.vesselfinder.com/ru/vessels?name=MYS ORLOVA,статус код: 400
,,,,https://www.vesselfinder.com/ru/vessels?name=MYS POVOROTNYY,статус код: 400
,,,,https://www.vesselfinder.com/ru/vessels?name=MYS VELIKAN,статус код: 400
,,,,https://www.vesselfinder.com/ru/vessels?name=N I K O M,статус код: 400
,,,,https://www.vesselfinder.com/ru/vessels?name=NADINE V,статус код: 400
,,,,https://www.vesselfinder.com/ru/vessels?name=NAGASAKI,"не все данные найдены: name='NAGASAKI', imo='', mmsi='', type='Tug'"
,,,,https://www.vesselfinder.com/ru/vessels?name=NAKHODKA,"не все данные найдены: name='NAKHODKA', imo='', mmsi='', type=''"
,,,,https://www.vesselfinder.com/ru/vessels?name=NAM YANG 77 HO,статус код: 400
NARVA,8923557,273430960,Tanker,https://www.vesselfinder.com/ru/vessels?name=NARVA,
,,,,https://www.vesselfinder.com/ru/vessels?name=NAVAGA,"не все данные найдены: name='NAVAGA', imo='', mmsi='', type=''"
,,,,https://www.vesselfinder.com/ru/vessels?name=NAVIOS CAMELIA,статус код: 400
,,,,https://www.vesselfinder.com/ru/vessels?name=NAVIOS LAPIS,статус код: 400
,,,,https://www.vesselfinder.com/ru/vessels?name=NAVIOS TEMPO,статус код: 400
,,,,https://www.vesselfinder.com/ru/vessels?name=NAVY GOSUNG,статус код: 400
,,,,https://www.vesselfinder.com/ru/vessels?name=NEFTEGAZ 55,статус код: 400
,,,,https://www.vesselfinder.com/ru/vessels?name=NEPTUN,"не все данные найдены: name='NEPTUN', imo='', mmsi='', type='HSC'"
NEPTUNIA,9145231,249637000,Cargo ship,https://www.vesselfinder.com/ru/vessels?name=NEPTUNIA,
,,,,https://www.vesselfinder.com/ru/vessels?name=NEPTUNUS 8,статус код: 400
,,,,https://www.vesselfinder.com/ru/vessels?name=NEULAND,"не все данные найдены: name='NEULAND', imo='', mmsi='', type='Sailing vessel'"
NEVSKAYA,8826632,273454920,Cargo ship,https://www.vesselfinder.com/ru/vessels?name=NEVSKAYA,
,,,,https://www.vesselfinder.com/ru/vessels?name=NEW COURAGE,статус код: 400
,,,,https://www.vesselfinder.com/ru/vessels?name=NEW DISCOVERY,статус код: 400
,,,,https://www.vesselfinder.com/ru/vessels?name=NEW LEGEND,статус код: 400
,,,,https://www.vesselfinder.com/ru/vessels?name=NEWMEJUHO,суда не найдены
,,,,https://www.vesselfinder.com/ru/vessels?name=NEWSUN HARMONY,статус код: 400
,,,,https://www.vesselfinder.com/ru/vessels?name=NEWSUN VISION,статус код: 400
,,,,https://www.vesselfinder.com/ru/vessels?name=NIKA,"не все данные найдены: name='NIKA', imo='', mmsi='', type='Sailing vessel'"
,,,,https://www.vesselfinder.com/ru/vessels?name=NIKA 1,статус код: 400
,,,,https://www.vesselfinder.com/ru/vessels?name=NIKOLAY IVANOV,статус код: 400
,,,,https://www.vesselfinder.com/ru/vessels?name=NIKOLAY SHALAVIN,статус код: 400
,,,,https://www.vesselfinder.com/ru/vessels?name=NIKOLAY ZADORNOV,статус код: 400
NIMAN,8947503,273298090,Fishing vessel,https://www.vesselfinder.com/ru/vessels?name=NIMAN,
,,,,https://www.vesselfinder.com/ru/vessels?name=NIMBUS SPB,статус код: 400
,,,,https://www.vesselfinder.com/ru/vessels?name=NINGBO TRADER,статус код: 400
,,,,https://www.vesselfinder.com/ru/vessels?name=NO.8 SJ GAS,статус код: 400
,,,,https://www.vesselfinder.com/ru/vessels?name=NO2 MARINE,статус код: 400
,,,,https://www.vesselfinder.com/ru/vessels?name=NOORDENWIND,"не все данные найдены: name='NOORDENWIND', imo='', mmsi='', type='Sailing vessel'"
,,,,https://www.vesselfinder.com/ru/vessels?name=NOORDSTER,"не все данные найдены: name='NOORDSTER', imo='', mmsi='', type='Sailing vessel'"
,,,,https://www.vesselfinder.com/ru/vessels?name=NORD CRUX,статус код: 400
,,,,https://www.vesselfinder.com/ru/vessels?name=NORDIC ORION,статус код: 400
,,,,https://www.vesselfinder.com/ru/vessels?name=NORTHERN DISCOVERY,статус код: 400
NOVIK,8662646,273257400,Fishing vessel,https://www.vesselfinder.com/ru/vessels?name=NOVIK,
,,,,https://www.vesselfinder.com/ru/vessels?name=NS ANTARCTIC,статус код: 400
,,,,https://www.vesselfinder.com/ru/vessels?name=NS CORONA,статус код: 400
,,,,https://www.vesselfinder.com/ru/vessels?name=NS POWER,статус код: 400
,,,,https://www.vesselfinder.com/ru/vessels?name=NS SPIRIT,статус код: 400
,,,,https://www.vesselfinder.com/ru/vessels?name=NS STREAM,статус код: 400
OBAYATELNYY,8724377,273191300,Fishing vessel,https://www.vesselfinder.com/ru/vessels?name=OBAYATELNYY,
,,,,https://www.vesselfinder.com/ru/vessels?name=OBROVAC,суда не найдены
,,,,https://www.vesselfinder.com/ru/vessels?name=OCEAN ADORE,статус код: 400
,,,,https://www.vesselfinder.com/ru/vessels?name=OCEAN ANG,статус код: 400
,,,,https://www.vesselfinder.com/ru/vessels?name=OCEAN GRACE,статус код: 400
,,,,https://www.vesselfinder.com/ru/vessels?name=OCEAN LEADER,статус код: 400
,,,,https://www.vesselfinder.com/ru/vessels?name=OCEAN PHOENIX,статус код: 400
,,,,https://www.vesselfinder.com/ru/vessels?name=OCEAN PRIDE I,статус код: 400
,,,,https://www.vesselfinder.com/ru/vessels?name=OCEAN PRIDE LP,статус код: 400
,,,,https://www.vesselfinder.com/ru/vessels?name=OCEAN PRINCESS,статус код: 400
,,,,https://www.vesselfinder.com/ru/vessels?name=OCEAN QUEEN SV,статус код: 400
,,,,https://www.vesselfinder.com/ru/vessels?name=OCEAN SMART 1,статус код: 400
,,,,https://www.vesselfinder.com/ru/vessels?name=OCEAN SPRING,статус код: 400
,,,,https://www.vesselfinder.com/ru/vessels?name=OCEAN SUCCESS,статус код: 400
,,,,https://www.vesselfinder.com/ru/vessels?name=OCEAN WIT,статус код: 400
,,,,https://www.vesselfinder.com/ru/vessels?name=OCEANUS 9,статус код: 400
,,,,https://www.vesselfinder.com/ru/vessels?name=OCEANWIN 10,статус код: 400
,,,,https://www.vesselfinder.com/ru/vessels?name=OCEANWIN 6,статус код: 400
,,,,https://www.vesselfinder.com/ru/vessels?name=OCEANWIN12,суда не найдены
,,,,https://www.vesselfinder.com/ru/vessels?name=OH DAE HO,статус код: 400
,,,,https://www.vesselfinder.com/ru/vessels?name=OHEIM,"не все данные найдены: name='OHEIM', imo='', mmsi='', type='Other type'"
,,,,https://www.vesselfinder.com/ru/vessels?name=OKTOPUS,"не все данные найдены: name='OKTOPUS', imo='', mmsi='', type=''"
,,,,https://www.vesselfinder.com/ru/vessels?name=OKTYABR,"не все данные найдены: name='OKTYABR', imo='', mmsi='', type=''"
OLKHON,9031791,667001269,Other type,https://www.vesselfinder.com/ru/vessels?name=OLKHON,
OLKHOVATKA,7421198,273828000,Fishing vessel,https://www.vesselfinder.com/ru/vessels?name=OLKHOVATKA,
OMOLON,9118135,273411650,Cargo ship,https://www.vesselfinder.com/ru/vessels?name=OMOLON,
,,,,https://www.vesselfinder.com/ru/vessels?name=OMSKIY 115,статус код: 400
,,,,https://www.vesselfinder.com/ru/vessels?name=OMSKIY 122,статус код: 400
,,,,https://www.vesselfinder.com/ru/vessels?name=ON TIME,статус код: 400
,,,,https://www.vesselfinder.com/ru/vessels?name=ONDERNEMING IV,статус код: 400
,,,,https://www.vesselfinder.com/ru/vessels?name=ONERI,"не все данные найдены: name='ONERI', imo='', mmsi='', type='Other type'"
,,,,https://www.vesselfinder.com/ru/vessels?name=OPAL,"не все данные найдены: name='OPAL', imo='', mmsi='', type='Sailing vessel'"
,,,,https://www.vesselfinder.com/ru/vessels?name=ORANGE DREAM,статус код: 400
,,,,https://www.vesselfinder.com/ru/vessels?name=ORANGE LINK,статус код: 400
,,,,https://www.vesselfinder.com/ru/vessels?name=OREN,"не все данные найдены: name='OREN', imo='', mmsi='', type='Dredging or UW ops'"
,,,,https://www.vesselfinder.com/ru/vessels?name=ORIENT U,статус код: 400
,,,,https://www.vesselfinder.com/ru/vessels?name=ORIENTAL ACE,статус код: 400
,,,,https://www.vesselfinder.com/ru/vessels?name=ORIENTAL HARBOR,статус код: 400
,,,,https://www.vesselfinder.com/ru/vessels?name=ORIENTAL ISLAND,статус код: 400
,,,,https://www.vesselfinder.com/ru/vessels?name=ORIENTAL PARALLEL,статус код: 400
,,,,https://www.vesselfinder.com/ru/vessels?name=ORIENTAL PHOENIX,статус код: 400
,,,,https://www.vesselfinder.com/ru/vessels?name=ORKIM DIAMOND,статус код: 400
,,,,https://www.vesselfinder.com/ru/vessels?name=ORLAN,"не все данные найдены: name='ORLAN', imo='', mmsi='', type=''"
,,,,https://www.vesselfinder.com/ru/vessels?name=ORTOLAN EPSILON,статус код: 400
,,,,https://www.vesselfinder.com/ru/vessels?name=OSLO TS,статус код: 400
,,,,https://www.vesselfinder.com/ru/vessels?name=OSTROVNOY 10,статус код: 400
,,,,https://www.vesselfinder.com/ru/vessels?name=OSTROVNOY 11,статус код: 400
,,,,https://www.vesselfinder.com/ru/vessels?name=OSTROVNOY 3,статус код: 400
,,,,https://www.vesselfinder.com/ru/vessels?name=OSTROVNOY 7,статус код: 400
OTLICHITELNYY,8139027,273565310,Fishing vessel,https://www.vesselfinder.com/ru/vessels?name=OTLICHITELNYY,
,,,,https://www.vesselfinder.com/ru/vessels?name=OUPULAI 18,статус код: 400
,,,,https://www.vesselfinder.com/ru/vessels?name=P.KIKUMA,суда не найдены
,,,,https://www.vesselfinder.com/ru/vessels?name=PACIFIC BEIJING,статус код: 400
,,,,https://www.vesselfinder.com/ru/vessels?name=PACIFIC GENEVA,статус код: 400
,,,,https://www.vesselfinder.com/ru/vessels?name=PACIFIC MELODY,статус код: 400
,,,,https://www.vesselfinder.com/ru/vessels?name=PACIFIC RAY,статус код: 400
PACIFICOS,9288930,273616650,Tanker (HAZ-B),https://www.vesselfinder.com/ru/vessels?name=PACIFICOS,
,,,,https://www.vesselfinder.com/ru/vessels?name=PADIAN 2,статус код: 400
PALAIS,9646649,538005431,Cargo ship,https://www.vesselfinder.com/ru/vessels?name=PALAIS,
,,,,https://www.vesselfinder.com/ru/vessels?name=PALANA,"не все данные найдены: name='PALANA', imo='', mmsi='', type=''"
,,,,https://www.vesselfinder.com/ru/vessels?name=PALDOHO,суда не найдены
,,,,https://www.vesselfinder.com/ru/vessels?name=PALLADA,"не все данные найдены: name='PALLADA', imo='', mmsi='', type='Pleasure craft'"
,,,,https://www.vesselfinder.com/ru/vessels?name=PAMIR,"не все данные найдены: name='PAMIR', imo='', mmsi='', type='Sailing vessel'"
,,,,https://www.vesselfinder.com/ru/vessels?name=PANDA,"не все данные найдены: name='PANDAPANDAPANDA', imo='', mmsi='', type='Sailing vessel'"
,,,,https://www.vesselfinder.com/ru/vessels?name=PARADNYY,"не все данные найдены: name='PARADNYY', imo='', mmsi='', type=''"
,,,,https://www.vesselfinder.com/ru/vessels?name=PARAMUSHIR,суда не найдены
PATRIA,9123312,305208000,Cargo ship,https://www.vesselfinder.com/ru/vessels?name=PATRIA,
PATROKL,9012276,273332710,Tanker,https://www.vesselfinder.com/ru/vessels?name=PATROKL,
,,,,https://www.vesselfinder.com/ru/vessels?name=PAVEL BATOV,статус код: 400
,,,,https://www.vesselfinder.com/ru/vessels?name=PAVEL LEONOV,статус код: 400
,,,,https://www.vesselfinder.com/ru/vessels?name=PEGASUS PRIME,статус код: 400
,,,,https://www.vesselfinder.com/ru/vessels?name=PELAGIC TARPON,статус код: 400
,,,,https://www.vesselfinder.com/ru/vessels?name=PELAGOS,"не все данные найдены: name='PELAGOS', imo='', mmsi='', type='Sailing vessel'"
,,,,https://www.vesselfinder.com/ru/vessels?name=PERCHANCE,суда не найдены
PERESVET,9027893,273312660,Tug,https://www.vesselfinder.com/ru/vessels?name=PERESVET,
,,,,https://www.vesselfinder.com/ru/vessels?name=PERVOURALSK,"не все данные найдены: name='PERVOURALSK', imo='', mmsi='', type=''"
PESSADA,9174270,215268000,Cargo ship,https://www.vesselfinder.com/ru/vessels?name=PESSADA,
,,,,https://www.vesselfinder.com/ru/vessels?name=PETR I,статус код: 400
,,,,https://www.vesselfinder.com/ru/vessels?name=PETROGARUDA,суда не найдены
,,,,https://www.vesselfinder.com/ru/vessels?name=PILOT DONGDUMAL,статус код: 400
PLASTUN,8328745,273821900,Fishing vessel,https://www.vesselfinder.com/ru/vessels?name=PLASTUN,
,,,,https://www.vesselfinder.com/ru/vessels?name=PLATON,"не все данные найдены: name='PLATON', imo='', mmsi='', type='Sailing vessel'"
,,,,https://www.vesselfinder.com/ru/vessels?name=POAVOSA BRAVE,статус код: 400
PORTUN,9062740,273359710,Tanker,https://www.vesselfinder.com/ru/vessels?name=PORTUN,
,,,,https://www.vesselfinder.com/ru/vessels?name=POSITIVE CHALLENGER,статус код: 400
,,,,https://www.vesselfinder.com/ru/vessels?name=POSITIVE STAR,статус код: 400
POSYET,8815009,273299190,Cargo ship,https://www.vesselfinder.com/ru/vessels?name=POSYET,
PREDANNYY,7831898,273817100,Unknown,https://www.vesselfinder.com/ru/vessels?name=PREDANNYY,
,,,,https://www.vesselfinder.com/ru/vessels?name=PRETTY SIGHT,статус код: 400
,,,,https://www.vesselfinder.com/ru/vessels?name=PRINCESS BOA,статус код: 400
,,,,https://www.vesselfinder.com/ru/vessels?name=PRINCESS OPAL,статус код: 400
,,,,https://www.vesselfinder.com/ru/vessels?name=PRINCESS TOPAZ,статус код: 400
,,,,https://www.vesselfinder.com/ru/vessels?name=PRISCO ALFA,статус код: 400
,,,,https://www.vesselfinder.com/ru/vessels?name=PROFESSOR KERICHEV,статус код: 400
,,,,https://www.vesselfinder.com/ru/vessels?name=PROFESSOR KHLYUSTIN,статус код: 400
PROGRESS,9306627,273278840,Tanker,https://www.vesselfinder.com/ru/vessels?name=PROGRESS,
,,,,https://www.vesselfinder.com/ru/vessels?name=PROPEL PASSION,статус код: 400
,,,,https://www.vesselfinder.com/ru/vessels?name=PROSPER,"не все данные найдены: name='PROSPER', imo='', mmsi='', type='Tug'"
,,,,https://www.vesselfinder.com/ru/vessels?name=PS TOKYO,статус код: 400
,,,,https://www.vesselfinder.com/ru/vessels?name=PTI HUDSON,статус код: 400
,,,,https://www.vesselfinder.com/ru/vessels?name=PULUOTUO 7,статус код: 400
,,,,https://www.vesselfinder.com/ru/vessels?name=PUROVSKY,суда не найдены
,,,,https://www.vesselfinder.com/ru/vessels?name=PUYUAN801,суда не найдены
,,,,https://www.vesselfinder.com/ru/vessels?name=PVT SAPPHIRE,статус код: 400
,,,,https://www.vesselfinder.com/ru/vessels?name=QI SHAN,статус код: 400
,,,,https://www.vesselfinder.com/ru/vessels?name=QIAN YUAN,статус код: 400
,,,,https://www.vesselfinder.com/ru/vessels?name=QIHONG,суда не найдены
,,,,https://www.vesselfinder.com/ru/vessels?name=QING AN,статус код: 400
,,,,https://www.vesselfinder.com/ru/vessels?name=QING DAO GANG DA GANG,статус код: 400
,,,,https://www.vesselfinder.com/ru/vessels?name=QING JI,статус код: 400
,,,,https://www.vesselfinder.com/ru/vessels?name=QING RU,статус код: 400
,,,,https://www.vesselfinder.com/ru/vessels?name=QUADRANS2,"не все данные найдены: name='QUADRANS2', imo='', mmsi='', type=''"
,,,,https://www.vesselfinder.com/ru/vessels?name=RAUDE,"не все данные найдены: name='RAUDE', imo='', mmsi='', type=''"
,,,,https://www.vesselfinder.com/ru/vessels?name=RB 402,статус код: 400
,,,,https://www.vesselfinder.com/ru/vessels?name=RB 405,статус код: 400
,,,,https://www.vesselfinder.com/ru/vessels?name=RBT 379,статус код: 400
,,,,https://www.vesselfinder.com/ru/vessels?name=RBT 56,статус код: 400
REAL,8938435,273390570,Fishing vessel,https://www.vesselfinder.com/ru/vessels?name=REAL,
,,,,https://www.vesselfinder.com/ru/vessels?name=REBECCA,"не все данные найдены: name='REBECCA', imo='', mmsi='', type='Sailing vessel'"
,,,,https://www.vesselfinder.com/ru/vessels?name=REFRIGERATOR 605,статус код: 400
,,,,https://www.vesselfinder.com/ru/vessels?name=REID 3,статус код: 400
RETRIEVER,9694206,319244900,Pleasure craft,https://www.vesselfinder.com/ru/vessels?name=RETRIEVER,
,,,,https://www.vesselfinder.com/ru/vessels?name=REYD 11,статус код: 400
,,,,https://www.vesselfinder.com/ru/vessels?name=REYD 12,статус код: 400
,,,,https://www.vesselfinder.com/ru/vessels?name=REYD 7,статус код: 400
,,,,https://www.vesselfinder.com/ru/vessels?name=REYD 8,статус код: 400
,,,,https://www.vesselfinder.com/ru/vessels?name=REYD 9,статус код: 400
,,,,https://www.vesselfinder.com/ru/vessels?name=RISING LOONG,статус код: 400
,,,,https://www.vesselfinder.com/ru/vessels?name=RISING SUN,статус код: 400
,,,,https://www.vesselfinder.com/ru/vessels?name=RISING TIDE,статус код: 400
,,,,https://www.vesselfinder.com/ru/vessels?name=RIU NO3,статус код: 400
,,,,https://www.vesselfinder.com/ru/vessels?name=RK 63,статус код: 400
,,,,https://www.vesselfinder.com/ru/vessels?name=RN AMUR,статус код: 400
,,,,https://www.vesselfinder.com/ru/vessels?name=RN POLARIS,статус код: 400
,,,,https://www.vesselfinder.com/ru/vessels?name=RN POSYET,статус код: 400
,,,,https://www.vesselfinder.com/ru/vessels?name=RN PRIMORYE,статус код: 400
,,,,https://www.vesselfinder.com/ru/vessels?name=RN SAKHALIN,статус код: 400
,,,,https://www.vesselfinder.com/ru/vessels?name=RN USSURI,статус код: 400
,,,,https://www.vesselfinder.com/ru/vessels?name=ROBERT OLDENDORFF,статус код: 400
,,,,https://www.vesselfinder.com/ru/vessels?name=ROG 1,статус код: 400
,,,,https://www.vesselfinder.com/ru/vessels?name=ROG2,"не все данные найдены: name='ROG2 RAPAX', imo='', mmsi='', type='Port tender'"
,,,,https://www.vesselfinder.com/ru/vessels?name=RONGNING187,суда не найдены
,,,,https://www.vesselfinder.com/ru/vessels?name=ROSE MANN,статус код: 400
ROSHCHINO,8700187,273164300,Tanker (HAZ-C),https://www.vesselfinder.com/ru/vessels?name=ROSHCHINO,
,,,,https://www.vesselfinder.com/ru/vessels?name=ROSTOV VELIKIY,статус код: 400
,,,,https://www.vesselfinder.com/ru/vessels?name=ROYAL FORWARD,статус код: 400
,,,,https://www.vesselfinder.com/ru/vessels?name=ROYAL SAMBU,статус код: 400
RPA10,9239563,244050426,Other type,https://www.vesselfinder.com/ru/vessels?name=RPA10,
,,,,https://www.vesselfinder.com/ru/vessels?name=RUI FU CHENG,статус код: 400
,,,,https://www.vesselfinder.com/ru/vessels?name=RUI NENG 8,статус код: 400
,,,,https://www.vesselfinder.com/ru/vessels?name=RUI SHENG 6,статус код: 400
,,,,https://www.vesselfinder.com/ru/vessels?name=RUI TIGER,статус код: 400
,,,,https://www.vesselfinder.com/ru/vessels?name=RUI XUE,статус код: 400
,,,,https://www.vesselfinder.com/ru/vessels?name=RUN DONG 1,статус код: 400
RUNO,9643336,276803000,HSC,https://www.vesselfinder.com/ru/vessels?name=RUNO,
,,,,https://www.vesselfinder.com/ru/vessels?name=RUSLAN,"не все данные найдены: name='RUSLAN', imo='', mmsi='', type=''"
,,,,https://www.vesselfinder.com/ru/vessels?name=RUSSKIY VOSTOK,статус код: 400
,,,,https://www.vesselfinder.com/ru/vessels?name=RUTH,"не все данные найдены: name='RUTH', imo='', mmsi='', type='Other type'"
,,,,https://www.vesselfinder.com/ru/vessels?name=RVE 17,статус код: 400
,,,,https://www.vesselfinder.com/ru/vessels?name=RVE 37,статус код: 400
,,,,https://www.vesselfinder.com/ru/vessels?name=S. CHEREDNICHENKO,статус код: 400
,,,,https://www.vesselfinder.com/ru/vessels?name=SAFE,"не все данные найдены: name='SAFE 33', imo='', mmsi='', type='Pleasure craft'"
,,,,https://www.vesselfinder.com/ru/vessels?name=SAGA FALCON,статус код: 400
,,,,https://www.vesselfinder.com/ru/vessels?name=SAKHALIN 10,статус код: 400
,,,,https://www.vesselfinder.com/ru/vessels?name=SAKHALIN 8,статус код: 400
,,,,https://www.vesselfinder.com/ru/vessels?name=SAKHALIN 9,статус код: 400
,,,,https://www.vesselfinder.com/ru/vessels?name=SALNYY,суда не найдены
,,,,https://www.vesselfinder.com/ru/vessels?name=SAN FELIX,статус код: 400
,,,,https://www.vesselfinder.com/ru/vessels?name=SANG HYUN HO,статус код: 400
SANTARLI,9207443,371111000,Cargo ship,https://www.vesselfinder.com/ru/vessels?name=SANTARLI,
,,,,https://www.vesselfinder.com/ru/vessels?name=SAOSHYANT,суда не найдены
,,,,https://www.vesselfinder.com/ru/vessels?name=SAPFIR 1,статус код: 400
,,,,https://www.vesselfinder.com/ru/vessels?name=SARGAN,"не все данные найдены: name='SARGAN', imo='', mmsi='', type='Cargo ship'"
,,,,https://www.vesselfinder.com/ru/vessels?name=SARONIC BREEZE,статус код: 400
,,,,https://www.vesselfinder.com/ru/vessels?name=SASCO ALDAN,статус код: 400
,,,,https://www.vesselfinder.com/ru/vessels?name=SASCO ANGARA,статус код: 400
,,,,https://www.vesselfinder.com/ru/vessels?name=SATURN,"не все данные найдены: name='SATURN', imo='', mmsi='', type='unknown type'"
,,,,https://www.vesselfinder.com/ru/vessels?name=SAWASDEE SINGAPORE,статус код: 400
,,,,https://www.vesselfinder.com/ru/vessels?name=SAYAMA 2,статус код: 400
,,,,https://www.vesselfinder.com/ru/vessels?name=SBH 2,статус код: 400
,,,,https://www.vesselfinder.com/ru/vessels?name=SC OCEAN LXI,статус код: 400
,,,,https://www.vesselfinder.com/ru/vessels?name=SCF ENDEAVOUR,статус код: 400
,,,,https://www.vesselfinder.com/ru/vessels?name=SCF ENTERPRISE,статус код: 400
,,,,https://www.vesselfinder.com/ru/vessels?name=SCF IRTYSH,статус код: 400
,,,,https://www.vesselfinder.com/ru/vessels?name=SCF VOLKHOV,статус код: 400
,,,,https://www.vesselfinder.com/ru/vessels?name=SCF YENISEI,статус код: 400
,,,,https://www.vesselfinder.com/ru/vessels?name=SCHOTSMAN,"не все данные найдены: name='SCHOTSMAN', imo='', mmsi='', type='Tanker'"
,,,,https://www.vesselfinder.com/ru/vessels?name=SDL MAYA,статус код: 400
,,,,https://www.vesselfinder.com/ru/vessels?name=SEA DIAMOND,статус код: 400
,,,,https://www.vesselfinder.com/ru/vessels?name=SEA EMPIRE,статус код: 400
,,,,https://www.vesselfinder.com/ru/vessels?name=SEA FUTURE,статус код: 400
,,,,https://www.vesselfinder.com/ru/vessels?name=SEA LAUNCH COMMANDER,статус код: 400
,,,,https://www.vesselfinder.com/ru/vessels?name=SEA LEO,статус код: 400
,,,,https://www.vesselfinder.com/ru/vessels?name=SEA MAJESTY,статус код: 400
,,,,https://www.vesselfinder.com/ru/vessels?name=SEA SAPPHIRE,статус код: 400
,,,,https://www.vesselfinder.com/ru/vessels?name=SEA TOPAZ,статус код: 400
SEAGEMINI,9895771,229073000,Tanker (HAZ-D),https://www.vesselfinder.com/ru/vessels?name=SEAGEMINI,
,,,,https://www.vesselfinder.com/ru/vessels?name=SEAGRAND,"не все данные найдены: name='SEAGRAND', imo='', mmsi='', type=''"
,,,,https://www.vesselfinder.com/ru/vessels?name=SEAWIND 1,статус код: 400
,,,,https://www.vesselfinder.com/ru/vessels?name=SENDAI TRADER,статус код: 400
,,,,https://www.vesselfinder.com/ru/vessels?name=SEOHO NO.17,статус код: 400
SEVRUGA,9549982,273335020,Tug,https://www.vesselfinder.com/ru/vessels?name=SEVRUGA,
,,,,https://www.vesselfinder.com/ru/vessels?name=SEYANG PRIME,статус код: 400
,,,,https://www.vesselfinder.com/ru/vessels?name=SEYOUNG1,суда не найдены
,,,,https://www.vesselfinder.com/ru/vessels?name=SHADOW,"не все данные найдены: name='SHADOW', imo='', mmsi='', type='Sailing vessel'"
,,,,https://www.vesselfinder.com/ru/vessels?name=SHAKHTERSK 5,статус код: 400
,,,,https://www.vesselfinder.com/ru/vessels?name=SHAKHTERSK 6,статус код: 400
,,,,https://www.vesselfinder.com/ru/vessels?name=SHANDONG DE HONG,статус код: 400
,,,,https://www.vesselfinder.com/ru/vessels?name=SHANDONG DE RUI,статус код: 400
,,,,https://www.vesselfinder.com/ru/vessels?name=SHANDONG DE XIANG,статус код: 400
,,,,https://www.vesselfinder.com/ru/vessels?name=SHANDONG DE YUN,статус код: 400
,,,,https://www.vesselfinder.com/ru/vessels?name=SHANS 106,статус код: 400
,,,,https://www.vesselfinder.com/ru/vessels?name=SHANTAR 1,статус код: 400
,,,,https://www.vesselfinder.com/ru/vessels?name=SHENG KANG HAI,статус код: 400
,,,,https://www.vesselfinder.com/ru/vessels?name=SHENG RONG 2068,статус код: 400
,,,,https://www.vesselfinder.com/ru/vessels?name=SHILKA,суда не найдены
SHIVELUCH,9260108,273425250,Unknown,https://www.vesselfinder.com/ru/vessels?name=SHIVELUCH,
,,,,https://www.vesselfinder.com/ru/vessels?name=SHLYUZOVOY 48,статус код: 400
,,,,https://www.vesselfinder.com/ru/vessels?name=SHONAN MARU NO.15,статус код: 400
,,,,https://www.vesselfinder.com/ru/vessels?name=SHORYU,"не все данные найдены: name='SHORYU', imo='', mmsi='', type=''"
,,,,https://www.vesselfinder.com/ru/vessels?name=SHUANG YU 10,статус код: 400
,,,,https://www.vesselfinder.com/ru/vessels?name=SHUN FU XING,статус код: 400
,,,,https://www.vesselfinder.com/ru/vessels?name=SHUN YUE 19,статус код: 400
SIBIRSKIJ,7808308,273270740,Tug,https://www.vesselfinder.com/ru/vessels?name=SIBIRSKIJ,
SIBIRTSEVO,8725876,273815110,Fishing vessel,https://www.vesselfinder.com/ru/vessels?name=SIBIRTSEVO,
,,,,https://www.vesselfinder.com/ru/vessels?name=SILK ROAD LIANG HUI,статус код: 400
,,,,https://www.vesselfinder.com/ru/vessels?name=SILVER DREAM,статус код: 400
,,,,https://www.vesselfinder.com/ru/vessels?name=SILVER WAY,статус код: 400
SIMUSHIR,9179385,273356170,Cargo ship,https://www.vesselfinder.com/ru/vessels?name=SIMUSHIR,
,,,,https://www.vesselfinder.com/ru/vessels?name=SINCERENICE 1,статус код: 400
,,,,https://www.vesselfinder.com/ru/vessels?name=SINOKOR HONGKONG,статус код: 400
,,,,https://www.vesselfinder.com/ru/vessels?name=SINOWAY ACT,статус код: 400
,,,,https://www.vesselfinder.com/ru/vessels?name=SISTRAUM,суда не найдены
SIVUCH,9157820,273418870,Tug,https://www.vesselfinder.com/ru/vessels?name=SIVUCH,
SIZIMAN,9113604,273396660,Cargo ship,https://www.vesselfinder.com/ru/vessels?name=SIZIMAN,
,,,,https://www.vesselfinder.com/ru/vessels?name=SKAT,"не все данные найдены: name='SKAT', imo='', mmsi='', type='Unknown'"
SLAVYANKA,8502432,273385860,Cargo ship,https://www.vesselfinder.com/ru/vessels?name=SLAVYANKA,
,,,,https://www.vesselfinder.com/ru/vessels?name=SLOMAN HERA,статус код: 400
,,,,https://www.vesselfinder.com/ru/vessels?name=SLV 311,статус код: 400
,,,,https://www.vesselfinder.com/ru/vessels?name=SMIT WAALHAVEN 1,статус код: 400
,,,,https://www.vesselfinder.com/ru/vessels?name=SMIT WAALHAVEN 3,статус код: 400
,,,,https://www.vesselfinder.com/ru/vessels?name=SMIT WAALHAVEN 7,статус код: 400
,,,,https://www.vesselfinder.com/ru/vessels?name=SMIT WAALHAVEN 8,статус код: 400
,,,,https://www.vesselfinder.com/ru/vessels?name=SNABZHENETS 8,статус код: 400
,,,,https://www.vesselfinder.com/ru/vessels?name=SOC GLORY,статус код: 400
,,,,https://www.vesselfinder.com/ru/vessels?name=SOCOL 10,статус код: 400
,,,,https://www.vesselfinder.com/ru/vessels?name=SOCOL 8,статус код: 400
,,,,https://www.vesselfinder.com/ru/vessels?name=SOCOL 9,статус код: 400
,,,,https://www.vesselfinder.com/ru/vessels?name=SOLAR LAI FONG,статус код: 400
SOLID,8804141,273349480,Fishing vessel,https://www.vesselfinder.com/ru/vessels?name=SOLID,
SOLSTRAUM,9157014,273291710,Tanker,https://www.vesselfinder.com/ru/vessels?name=SOLSTRAUM,
,,,,https://www.vesselfinder.com/ru/vessels?name=SOMBRA,"не все данные найдены: name='SOMBRA', imo='', mmsi='', type='Other type'"
,,,,https://www.vesselfinder.com/ru/vessels?name=SONGRIM HO,статус код: 400
,,,,https://www.vesselfinder.com/ru/vessels?name=SOSNOVKA 1,статус код: 400
,,,,https://www.vesselfinder.com/ru/vessels?name=SOSNOVKA 2,статус код: 400
,,,,https://www.vesselfinder.com/ru/vessels?name=SOSNOVKA 3,статус код: 400
,,,,https://www.vesselfinder.com/ru/vessels?name=SP 10,статус код: 400
,,,,https://www.vesselfinder.com/ru/vessels?name=SPA 010,статус код: 400
SPARTAK,8332540,238174840,Fishing vessel,https://www.vesselfinder.com/ru/vessels?name=SPARTAK,
,,,,https://www.vesselfinder.com/ru/vessels?name=SPIRIT OF LISBON,статус код: 400
,,,,https://www.vesselfinder.com/ru/vessels?name=SPK 27/35,статус код: 400
,,,,https://www.vesselfinder.com/ru/vessels?name=SPK 57150,статус код: 400
,,,,https://www.vesselfinder.com/ru/vessels?name=SPRING SALIM,статус код: 400
,,,,https://www.vesselfinder.com/ru/vessels?name=SPRING TIDE,статус код: 400
,,,,https://www.vesselfinder.com/ru/vessels?name=SRI PERKASA 35,статус код: 400
,,,,https://www.vesselfinder.com/ru/vessels?name=SRP 150 30,статус код: 400
,,,,https://www.vesselfinder.com/ru/vessels?name=ST 77,статус код: 400
,,,,https://www.vesselfinder.com/ru/vessels?name=ST. GERTRUD,статус код: 400
ST.MICHAELIS,9788473,563058100,Tanker,https://www.vesselfinder.com/ru/vessels?name=ST.MICHAELIS,
,,,,https://www.vesselfinder.com/ru/vessels?name=STAR 1,статус код: 400
,,,,https://www.vesselfinder.com/ru/vessels?name=STAR CENTAURUS,статус код: 400
,,,,https://www.vesselfinder.com/ru/vessels?name=STAR HOPE,статус код: 400
,,,,https://www.vesselfinder.com/ru/vessels?name=STAR VIRGINIA,статус код: 400
,,,,https://www.vesselfinder.com/ru/vessels?name=STELLAR RIONI,статус код: 400
,,,,https://www.vesselfinder.com/ru/vessels?name=STENTOR,"не все данные найдены: name='STENTOR', imo='', mmsi='', type='Tug'"
,,,,https://www.vesselfinder.com/ru/vessels?name=STEPAN GEYTS,статус код: 400
,,,,https://www.vesselfinder.com/ru/vessels?name=STOLT STRENGTH,статус код: 400
,,,,https://www.vesselfinder.com/ru/vessels?name=STOLT VOYAGER,статус код: 400
,,,,https://www.vesselfinder.com/ru/vessels?name=STR N OTRADNYY,статус код: 400
,,,,https://www.vesselfinder.com/ru/vessels?name=STRAUSS,"не все данные найдены: name='STRAUSS', imo='', mmsi='', type='Pleasure craft'"
,,,,https://www.vesselfinder.com/ru/vessels?name=STRELOK,"не все данные найдены: name='STRELOK', imo='', mmsi='', type='Cargo ship'"
,,,,https://www.vesselfinder.com/ru/vessels?name=STRIGUN,"не все данные найдены: name='STRIGUN', imo='', mmsi='', type=''"
,,,,https://www.vesselfinder.com/ru/vessels?name=SUN 98,статус код: 400
,,,,https://www.vesselfinder.com/ru/vessels?name=SUN FREESIA,статус код: 400
,,,,https://www.vesselfinder.com/ru/vessels?name=SUN GLORY,статус код: 400
,,,,https://www.vesselfinder.com/ru/vessels?name=SUN JIN 101HO,статус код: 400
,,,,https://www.vesselfinder.com/ru/vessels?name=SUN JIN 9HO,статус код: 400
,,,,https://www.vesselfinder.com/ru/vessels?name=SUN RIO,статус код: 400
,,,,https://www.vesselfinder.com/ru/vessels?name=SUNGJIN ACE,статус код: 400
,,,,https://www.vesselfinder.com/ru/vessels?name=SUNJIN 2HO,статус код: 400
,,,,https://www.vesselfinder.com/ru/vessels?name=SUNJIN NO.101,статус код: 400
,,,,https://www.vesselfinder.com/ru/vessels?name=SUNJIN NO.6,статус код: 400
,,,,https://www.vesselfinder.com/ru/vessels?name=SUNJIN NO.606,статус код: 400
,,,,https://www.vesselfinder.com/ru/vessels?name=SUNJIN NO.7,статус код: 400
,,,,https://www.vesselfinder.com/ru/vessels?name=SUNJIN NO.8,статус код: 400
,,,,https://www.vesselfinder.com/ru/vessels?name=SUNJIN NO.802,статус код: 400
,,,,https://www.vesselfinder.com/ru/vessels?name=SUNJIN NO.803,статус код: 400
,,,,https://www.vesselfinder.com/ru/vessels?name=SUNNY LILY,статус код: 400
,,,,https://www.vesselfinder.com/ru/vessels?name=SUNRISE SPRING,статус код: 400
,,,,https://www.vesselfinder.com/ru/vessels?name=SURFER ROSA,статус код: 400
SURKUM,9366677,273311160,Tug,https://www.vesselfinder.com/ru/vessels?name=SURKUM,
,,,,https://www.vesselfinder.com/ru/vessels?name=SVETLOMOR 3,статус код: 400
,,,,https://www.vesselfinder.com/ru/vessels?name=TAEPYOUNGYANG,"не все данные найдены: name='TAEPYOUNGYANG', imo='', mmsi='', type='Unknown'"
TAIHAKUSAN,9410442,370727000,Cargo ship,https://www.vesselfinder.com/ru/vessels?name=TAIHAKUSAN,
,,,,https://www.vesselfinder.com/ru/vessels?name=TAILUNYOU196,суда не найдены
TAIMANIA,8803733,273356020,Fishing vessel,https://www.vesselfinder.com/ru/vessels?name=TAIMANIA,
TAIMYR,9105140,273432830,Tanker,https://www.vesselfinder.com/ru/vessels?name=TAIMYR,
TAMBOV,8225723,273512400,Cargo ship,https://www.vesselfinder.com/ru/vessels?name=TAMBOV,
,,,,https://www.vesselfinder.com/ru/vessels?name=TAVRICHESKY BRIDGE,статус код: 400
TAYFUN,8027183,273432650,Tug,https://www.vesselfinder.com/ru/vessels?name=TAYFUN,
,,,,https://www.vesselfinder.com/ru/vessels?name=TAYMEN,"не все данные найдены: name='TAYMEN', imo='', mmsi='', type=''"
,,,,https://www.vesselfinder.com/ru/vessels?name=TEATRALNY BRIDGE,статус код: 400
,,,,https://www.vesselfinder.com/ru/vessels?name=TENRYU MARU,статус код: 400
,,,,https://www.vesselfinder.com/ru/vessels?name=THUNDERCAT,"не все данные найдены: name='THUNDERCAT', imo='', mmsi='', type=''"
,,,,https://www.vesselfinder.com/ru/vessels?name=THYRA,"не все данные найдены: name='THYRA', imo='', mmsi='', type='Pleasure craft'"
,,,,https://www.vesselfinder.com/ru/vessels?name=TIAN LI,статус код: 400
,,,,https://www.vesselfinder.com/ru/vessels?name=TIAN SHENG YOU 19,статус код: 400
,,,,https://www.vesselfinder.com/ru/vessels?name=TIGR,"не все данные найдены: name='TIGR', imo='', mmsi='', type=''"
,,,,https://www.vesselfinder.com/ru/vessels?name=TIKHIY OCEAN,статус код: 400
,,,,https://www.vesselfinder.com/ru/vessels?name=TOKI,"не все данные найдены: name='TOKI', imo='', mmsi='', type='Tug'"
,,,,https://www.vesselfinder.com/ru/vessels?name=TONG LI,статус код: 400
,,,,https://www.vesselfinder.com/ru/vessels?name=TONG YUAN,статус код: 400
,,,,https://www.vesselfinder.com/ru/vessels?name=TOR,"не все данные найдены: name='TOR', imo='', mmsi='', type='WIG'"
,,,,https://www.vesselfinder.com/ru/vessels?name=TORGOVY BRIDGE,статус код: 400
TORLAND,9840104,265028000,Fishing vessel,https://www.vesselfinder.com/ru/vessels?name=TORLAND,
,,,,https://www.vesselfinder.com/ru/vessels?name=TORM ASLAUG,статус код: 400
,,,,https://www.vesselfinder.com/ru/vessels?name=TORNADO,"не все данные найдены: name='TORNADO', imo='', mmsi='', type='Pleasure craft'"
,,,,https://www.vesselfinder.com/ru/vessels?name=TORON,"не все данные найдены: name='TORON', imo='', mmsi='', type=''"
,,,,https://www.vesselfinder.com/ru/vessels?name=TOWER BRIDGE,статус код: 400
,,,,https://www.vesselfinder.com/ru/vessels?name=TRANSAS,суда не найдены
,,,,https://www.vesselfinder.com/ru/vessels?name=TRANSPORTER,"не все данные найдены: name='TRANSPORTER', imo='', mmsi='', type='Passenger ship'"
,,,,https://www.vesselfinder.com/ru/vessels?name=TRANSSIB BRIDGE,статус код: 400
,,,,https://www.vesselfinder.com/ru/vessels?name=TRAWIND FORTUNE,статус код: 400
,,,,https://www.vesselfinder.com/ru/vessels?name=TRAWIND GLORY,статус код: 400
,,,,https://www.vesselfinder.com/ru/vessels?name=TREASURE STAR,статус код: 400
,,,,https://www.vesselfinder.com/ru/vessels?name=TRF MOBILE,статус код: 400
,,,,https://www.vesselfinder.com/ru/vessels?name=TRITON,"не все данные найдены: name='TRITON', imo='', mmsi='', type='Pleasure craft'"
,,,,https://www.vesselfinder.com/ru/vessels?name=TROITSKY BRIDGE,статус код: 400
,,,,https://www.vesselfinder.com/ru/vessels?name=TSIKLON,"не все данные найдены: name='TSIKLON', imo='', mmsi='', type=''"
TUGNUY,9533983,273330410,Unknown,https://www.vesselfinder.com/ru/vessels?name=TUGNUY,
,,,,https://www.vesselfinder.com/ru/vessels?name=TVERSKOY BRIDGE,статус код: 400
,,,,https://www.vesselfinder.com/ru/vessels?name=TW JIANGSU,статус код: 400
,,,,https://www.vesselfinder.com/ru/vessels?name=TWIN DRAGON,статус код: 400
,,,,https://www.vesselfinder.com/ru/vessels?name=TY EVER,статус код: 400
,,,,https://www.vesselfinder.com/ru/vessels?name=TYDA KYRA,статус код: 400
UDACHNYI,9339167,273396890,Towing vessel (tow>200),https://www.vesselfinder.com/ru/vessels?name=UDACHNYI,
,,,,https://www.vesselfinder.com/ru/vessels?name=ULSANPILOT3,"не все данные найдены: name='ULSANPILOT3', imo='', mmsi='', type='Unknown'"
ULTIMATE,9152428,273418340,Fishing vessel,https://www.vesselfinder.com/ru/vessels?name=ULTIMATE,
,,,,https://www.vesselfinder.com/ru/vessels?name=ULTIMATE 1,статус код: 400
,,,,https://www.vesselfinder.com/ru/vessels?name=ULTRA SASKATOON,статус код: 400
,,,,https://www.vesselfinder.com/ru/vessels?name=UM ELHANAYA,статус код: 400
,,,,https://www.vesselfinder.com/ru/vessels?name=UNHWAHO,"не все данные найдены: name='UNHWAHO', imo='', mmsi='', type='Unknown'"
,,,,https://www.vesselfinder.com/ru/vessels?name=UNICORN,"не все данные найдены: name='UNICORN', imo='', mmsi='', type='Pleasure craft'"
,,,,https://www.vesselfinder.com/ru/vessels?name=UNION GLORY,статус код: 400
,,,,https://www.vesselfinder.com/ru/vessels?name=UNIQUE HARMONY,статус код: 400
URAL,9658642,273618600,Other type,https://www.vesselfinder.com/ru/vessels?name=URAL,
URAN,8727408,273446880,Tug,https://www.vesselfinder.com/ru/vessels?name=URAN,
URGAL,9443671,273252280,Tanker,https://www.vesselfinder.com/ru/vessels?name=URGAL,
,,,,https://www.vesselfinder.com/ru/vessels?name=USMA,"не все данные найдены: name='USMA', imo='', mmsi='', type=''"
,,,,https://www.vesselfinder.com/ru/vessels?name=V GALAXY,статус код: 400
,,,,https://www.vesselfinder.com/ru/vessels?name=V LUCKY,статус код: 400
VAGIS,9376476,273310540,Unknown,https://www.vesselfinder.com/ru/vessels?name=VAGIS,
,,,,https://www.vesselfinder.com/ru/vessels?name=VALERIY ONISCHUK,статус код: 400
VALOR,9993717,319325600,Pleasure craft,https://www.vesselfinder.com/ru/vessels?name=VALOR,
,,,,https://www.vesselfinder.com/ru/vessels?name=VAN CONTINENT,статус код: 400
,,,,https://www.vesselfinder.com/ru/vessels?name=VANINO,"не все данные найдены: name='VANINO', imo='', mmsi='', type=''"
,,,,https://www.vesselfinder.com/ru/vessels?name=VASILIY MALOV,статус код: 400
,,,,https://www.vesselfinder.com/ru/vessels?name=VASILIY POLESHCHUK,статус код: 400
,,,,https://www.vesselfinder.com/ru/vessels?name=VASILIY SHUKSHIN,статус код: 400
,,,,https://www.vesselfinder.com/ru/vessels?name=VASILIY ZAVOYKO,статус код: 400
,,,,https://www.vesselfinder.com/ru/vessels?name=VB EBRO,статус код: 400
,,,,https://www.vesselfinder.com/ru/vessels?name=VECTOR,"не все данные найдены: name='VECTOR', imo='', mmsi='', type='Port tender'"
,,,,https://www.vesselfinder.com/ru/vessels?name=VEGA EVEREST,статус код: 400
,,,,https://www.vesselfinder.com/ru/vessels?name=VELES,"не все данные найдены: name='VELES', imo='', mmsi='', type=''"
,,,,https://www.vesselfinder.com/ru/vessels?name=VELIKIY NOVGOROD,статус код: 400
,,,,https://www.vesselfinder.com/ru/vessels?name=VF GLORY,статус код: 400
,,,,https://www.vesselfinder.com/ru/vessels?name=VF TANKER 15,статус код: 400
,,,,https://www.vesselfinder.com/ru/vessels?name=VICTORIOUS,"не все данные найдены: name='VICTORIOUS', imo='', mmsi='', type=''"
VIKHREVOY,9360075,273315070,Unknown,https://www.vesselfinder.com/ru/vessels?name=VIKHREVOY,
,,,,https://www.vesselfinder.com/ru/vessels?name=VIKTOR KUSKOV,статус код: 400
,,,,https://www.vesselfinder.com/ru/vessels?name=VIKTOR TITOV,статус код: 400
,,,,https://www.vesselfinder.com/ru/vessels?name=VIKTOR VOROTYLO,статус код: 400
,,,,https://www.vesselfinder.com/ru/vessels?name=VILIGA,суда не найдены
VILYUY,8805303,273215420,Fishing vessel,https://www.vesselfinder.com/ru/vessels?name=VILYUY,
,,,,https://www.vesselfinder.com/ru/vessels?name=VIOLET ACE,статус код: 400
,,,,https://www.vesselfinder.com/ru/vessels?name=VLADIMIR ARSENYEV,статус код: 400
,,,,https://www.vesselfinder.com/ru/vessels?name=VLADIMIR GUSAROV,статус код: 400
,,,,https://www.vesselfinder.com/ru/vessels?name=VLADIMIR VINOGRADOV,статус код: 400
,,,,https://www.vesselfinder.com/ru/vessels?name=VLADIMIR VYSOTSKY,статус код: 400
,,,,https://www.vesselfinder.com/ru/vessels?name=VOLGA 4011,статус код: 400
,,,,https://www.vesselfinder.com/ru/vessels?name=VOLHARDING 5,статус код: 400
,,,,https://www.vesselfinder.com/ru/vessels?name=VOSTOK 3,статус код: 400
,,,,https://www.vesselfinder.com/ru/vessels?name=VOSTOK 5,статус код: 400
,,,,https://www.vesselfinder.com/ru/vessels?name=VOSTOK 6,статус код: 400
VOSTRETSOVO,8711851,273819060,Tanker,https://www.vesselfinder.com/ru/vessels?name=VOSTRETSOVO,
,,,,https://www.vesselfinder.com/ru/vessels?name=VYACHESLAV TIKHONOV,статус код: 400
,,,,https://www.vesselfinder.com/ru/vessels?name=WALVIS,"не все данные найдены: name='WALVIS', imo='', mmsi='', type='Sailing vessel'"
,,,,https://www.vesselfinder.com/ru/vessels?name=WAN HONG,статус код: 400
,,,,https://www.vesselfinder.com/ru/vessels?name=WAN LI,статус код: 400
,,,,https://www.vesselfinder.com/ru/vessels?name=WANG JIA,статус код: 400
,,,,https://www.vesselfinder.com/ru/vessels?name=WATERBOOT 2,статус код: 400
,,,,https://www.vesselfinder.com/ru/vessels?name=WEALTHY LOYAL,статус код: 400
,,,,https://www.vesselfinder.com/ru/vessels?name=WESTERN ENTERPRISE,статус код: 400
,,,,https://www.vesselfinder.com/ru/vessels?name=WHISKY CHALLENGER,статус код: 400
,,,,https://www.vesselfinder.com/ru/vessels?name=WHITE PEARL,статус код: 400
WINCA,9076399,374885000,Cargo ship,https://www.vesselfinder.com/ru/vessels?name=WINCA,
,,,,https://www.vesselfinder.com/ru/vessels?name=WONDER MIMOSA,статус код: 400
,,,,https://www.vesselfinder.com/ru/vessels?name=WOO SEOK,статус код: 400
,,,,https://www.vesselfinder.com/ru/vessels?name=WOO SUNG NO.55,статус код: 400
,,,,https://www.vesselfinder.com/ru/vessels?name=WOORI SKY,статус код: 400
,,,,https://www.vesselfinder.com/ru/vessels?name=WOORI SUN,статус код: 400
,,,,https://www.vesselfinder.com/ru/vessels?name=WOOSHINHO,суда не найдены
,,,,https://www.vesselfinder.com/ru/vessels?name=WOOSUNG NO52,статус код: 400
,,,,https://www.vesselfinder.com/ru/vessels?name=WOOWONHO,"не все данные найдены: name='WOOWONHO', imo='', mmsi='', type='Tanker'"
,,,,https://www.vesselfinder.com/ru/vessels?name=WORLD NO3,статус код: 400
,,,,https://www.vesselfinder.com/ru/vessels?name=WU ZHOU 8,статус код: 400
,,,,https://www.vesselfinder.com/ru/vessels?name=XIA GUANG 1,статус код: 400
,,,,https://www.vesselfinder.com/ru/vessels?name=XIANG HAN 8,статус код: 400
,,,,https://www.vesselfinder.com/ru/vessels?name=XIANG HONG 59,статус код: 400
,,,,https://www.vesselfinder.com/ru/vessels?name=XIANG YUAN,статус код: 400
,,,,https://www.vesselfinder.com/ru/vessels?name=XIN BIN ZHOU,статус код: 400
,,,,https://www.vesselfinder.com/ru/vessels?name=XIN BO,статус код: 400
,,,,https://www.vesselfinder.com/ru/vessels?name=XIN HAI ZHOU 2,статус код: 400
,,,,https://www.vesselfinder.com/ru/vessels?name=XIN HAI ZHOU 7,статус код: 400
,,,,https://www.vesselfinder.com/ru/vessels?name=XIN HUA YUAN,статус код: 400
,,,,https://www.vesselfinder.com/ru/vessels?name=XIN QI XIANG 217,статус код: 400
,,,,https://www.vesselfinder.com/ru/vessels?name=XIN RUN,статус код: 400
,,,,https://www.vesselfinder.com/ru/vessels?name=XIN SHI JI 66,статус код: 400
,,,,https://www.vesselfinder.com/ru/vessels?name=XIN TAI YUAN,статус код: 400
,,,,https://www.vesselfinder.com/ru/vessels?name=XIN WU ZHOU 1,статус код: 400
,,,,https://www.vesselfinder.com/ru/vessels?name=XIN XIN HAI 1,статус код: 400
,,,,https://www.vesselfinder.com/ru/vessels?name=XIN ZHOU XING,статус код: 400
,,,,https://www.vesselfinder.com/ru/vessels?name=XIU SHAN,статус код: 400
,,,,https://www.vesselfinder.com/ru/vessels?name=XO COPENHAGEN,статус код: 400
YAHONT,8504545,273382320,Fishing vessel,https://www.vesselfinder.com/ru/vessels?name=YAHONT,
,,,,https://www.vesselfinder.com/ru/vessels?name=YANG FAN,статус код: 400
,,,,https://www.vesselfinder.com/ru/vessels?name=YANG GANG TUO 5,статус код: 400
,,,,https://www.vesselfinder.com/ru/vessels?name=YANGTZE IMPRESSION,статус код: 400
,,,,https://www.vesselfinder.com/ru/vessels?name=YEROFEY KHABAROV,статус код: 400
,,,,https://www.vesselfinder.com/ru/vessels?name=YING LI,статус код: 400
,,,,https://www.vesselfinder.com/ru/vessels?name=YONG FENG DA 26,статус код: 400
,,,,https://www.vesselfinder.com/ru/vessels?name=YONG JIN,статус код: 400
,,,,https://www.vesselfinder.com/ru/vessels?name=YONG RUN 06,статус код: 400
,,,,https://www.vesselfinder.com/ru/vessels?name=YONG YUE 7,статус код: 400
YOUNGHEUNG,9502934,538007072,Cargo ship,https://www.vesselfinder.com/ru/vessels?name=YOUNGHEUNG,
,,,,https://www.vesselfinder.com/ru/vessels?name=YU QIANG,статус код: 400
,,,,https://www.vesselfinder.com/ru/vessels?name=YU SUNG HO,статус код: 400
,,,,https://www.vesselfinder.com/ru/vessels?name=YUAN XIANG YOU 27,статус код: 400
,,,,https://www.vesselfinder.com/ru/vessels?name=YUGO VOSTOCK 1,статус код: 400
,,,,https://www.vesselfinder.com/ru/vessels?name=YUGO VOSTOCK 3,статус код: 400
,,,,https://www.vesselfinder.com/ru/vessels?name=YUGO VOSTOCK 5,статус код: 400
,,,,https://www.vesselfinder.com/ru/vessels?name=YUN TONG,статус код: 400
,,,,https://www.vesselfinder.com/ru/vessels?name=YUYO,"не все данные найдены: name='YUYO', imo='', mmsi='', type=''"
,,,,https://www.vesselfinder.com/ru/vessels?name=ZAGREB,"не все данные найдены: name='ZAGREB', imo='', mmsi='', type='Sailing vessel'"
,,,,https://www.vesselfinder.com/ru/vessels?name=ZALIV AMERIKA,статус код: 400
,,,,https://www.vesselfinder.com/ru/vessels?name=ZALIV BAIKAL,статус код: 400
,,,,https://www.vesselfinder.com/ru/vessels?name=ZALIV PETRA,статус код: 400
,,,,https://www.vesselfinder.com/ru/vessels?name=ZANA,"не все данные найдены: name='ZANA', imo='', mmsi='', type=''"
,,,,https://www.vesselfinder.com/ru/vessels?name=ZENO,"не все данные найдены: name='ZENO', imo='', mmsi='', type='Sailing vessel'"
,,,,https://www.vesselfinder.com/ru/vessels?name=ZHE HAI 519,статус код: 400
,,,,https://www.vesselfinder.com/ru/vessels?name=ZHE HAI 526,статус код: 400
,,,,https://www.vesselfinder.com/ru/vessels?name=ZHE PU TUO 2001,статус код: 400
,,,,https://www.vesselfinder.com/ru/vessels?name=ZHEDAIYU92133,суда не найдены
,,,,https://www.vesselfinder.com/ru/vessels?name=ZHEN HUA 26,статус код: 400
,,,,https://www.vesselfinder.com/ru/vessels?name=ZHEN XING YOU 56,статус код: 400
,,,,https://www.vesselfinder.com/ru/vessels?name=ZHENG HAO,статус код: 400
,,,,https://www.vesselfinder.com/ru/vessels?name=ZHENG JIE,статус код: 400
,,,,https://www.vesselfinder.com/ru/vessels?name=ZHENG RONG,статус код: 400
,,,,https://www.vesselfinder.com/ru/vessels?name=ZHENG RUN,статус код: 400
,,,,https://www.vesselfinder.com/ru/vessels?name=ZHEPINGHUYU 00665,статус код: 400
,,,,https://www.vesselfinder.com/ru/vessels?name=ZHEPU26559,суда не найдены
,,,,https://www.vesselfinder.com/ru/vessels?name=ZHONG CHANG QI SHENG,статус код: 400
,,,,https://www.vesselfinder.com/ru/vessels?name=ZHONG CHANG YU SHENG,статус код: 400
,,,,https://www.vesselfinder.com/ru/vessels?name=ZHONG GU BEI JING,статус код: 400
,,,,https://www.vesselfinder.com/ru/vessels?name=ZHONG XIN FA ZHAN,статус код: 400
,,,,https://www.vesselfinder.com/ru/vessels?name=ZHONG XIN YUAN YANG,статус код: 400
,,,,https://www.vesselfinder.com/ru/vessels?name=ZHONG YUN HUA NAN,статус код: 400
,,,,https://www.vesselfinder.com/ru/vessels?name=ZHOU CHEN GONG 7,статус код: 400
,,,,https://www.vesselfinder.com/ru/vessels?name=ZHOU GANG TUO 10,статус код: 400
,,,,https://www.vesselfinder.com/ru/vessels?name=ZHOU YU 679,статус код: 400
,,,,https://www.vesselfinder.com/ru/vessels?name=ZHOU YU 680,статус код: 400
,,,,https://www.vesselfinder.com/ru/vessels?name=ZHOU YU 688,статус код: 400
,,,,https://www.vesselfinder.com/ru/vessels?name=ZHOU YU 694,статус код: 400
,,,,https://www.vesselfinder.com/ru/vessels?name=ZHOU YU 810,статус код: 400
,,,,https://www.vesselfinder.com/ru/vessels?name=ZHOU YU 903,статус код: 400
,,,,https://www.vesselfinder.com/ru/vessels?name=ZHOUYU687,суда не найдены
,,,,https://www.vesselfinder.com/ru/vessels?name=ZHOUYU691,суда не найдены
,,,,https://www.vesselfinder.com/ru/vessels?name=ZHOUYU698,суда не найдены
ZODIAK,8030908,261194000,Anti-polution,https://www.vesselfinder.com/ru/vessels?name=ZODIAK,
ZOLOTOY,8899926,273451050,Tug,https://www.vesselfinder.com/ru/vessels?name=ZOLOTOY,
,,,,https://www.vesselfinder.com/ru/vessels?name=ZUBR,"не все данные найдены: name='ZUBR', imo='', mmsi='', type='Tug'"
ZVEZDNIY,8842571,273437070,Tug,https://www.vesselfinder.com/ru/vessels?name=ZVEZDNIY,
